id,title,description,availability,condition,price,link,image[0].url,image[1].url,image[2].url,brand,status
product_1,Product 1,Test product 1 for catalog testing,in stock,new,50.50USD,https://alanho.github.io/meta_product_data_version_feed_sample/output/html/product_1_base.html,https://alanho.github.io/meta_product_data_version_feed_sample/output/images/base/product_1_image_1.png?t=1759214780,https://alanho.github.io/meta_product_data_version_feed_sample/output/images/base/product_1_image_2.png?t=1759214780,https://alanho.github.io/meta_product_data_version_feed_sample/output/images/base/product_1_image_3.png?t=1759214780,TestBrand,active
product_2,Product 2,Test product 2 for catalog testing,in stock,new,51.00USD,https://alanho.github.io/meta_product_data_version_feed_sample/output/html/product_2_base.html,https://alanho.github.io/meta_product_data_version_feed_sample/output/images/base/product_2_image_1.png?t=1759214780,https://alanho.github.io/meta_product_data_version_feed_sample/output/images/base/product_2_image_2.png?t=1759214780,https://alanho.github.io/meta_product_data_version_feed_sample/output/images/base/product_2_image_3.png?t=1759214780,TestBrand,active
product_3,Product 3,Test product 3 for catalog testing,in stock,new,51.50USD,https://alanho.github.io/meta_product_data_version_feed_sample/output/html/product_3_base.html,https://alanho.github.io/meta_product_data_version_feed_sample/output/images/base/product_3_image_1.png?t=1759214780,https://alanho.github.io/meta_product_data_version_feed_sample/output/images/base/product_3_image_2.png?t=1759214780,https://alanho.github.io/meta_product_data_version_feed_sample/output/images/base/product_3_image_3.png?t=1759214780,TestBrand,active
product_4,Product 4,Test product 4 for catalog testing,in stock,new,52.00USD,https://alanho.github.io/meta_product_data_version_feed_sample/output/html/product_4_base.html,https://alanho.github.io/meta_product_data_version_feed_sample/output/images/base/product_4_image_1.png?t=1759214780,https://alanho.github.io/meta_product_data_version_feed_sample/output/images/base/product_4_image_2.png?t=1759214780,https://alanho.github.io/meta_product_data_version_feed_sample/output/images/base/product_4_image_3.png?t=1759214780,TestBrand,active
product_5,Product 5,Test product 5 for catalog testing,in stock,new,52.50USD,https://alanho.github.io/meta_product_data_version_feed_sample/output/html/product_5_base.html,https://alanho.github.io/meta_product_data_version_feed_sample/output/images/base/product_5_image_1.png?t=1759214780,https://alanho.github.io/meta_product_data_version_feed_sample/output/images/base/product_5_image_2.png?t=1759214780,https://alanho.github.io/meta_product_data_version_feed_sample/output/images/base/product_5_image_3.png?t=1759214780,TestBrand,active
product_6,Product 6,Test product 6 for catalog testing,in stock,new,53.00USD,https://alanho.github.io/meta_product_data_version_feed_sample/output/html/product_6_base.html,https://alanho.github.io/meta_product_data_version_feed_sample/output/images/base/product_6_image_1.png?t=1759214780,https://alanho.github.io/meta_product_data_version_feed_sample/output/images/base/product_6_image_2.png?t=1759214780,https://alanho.github.io/meta_product_data_version_feed_sample/output/images/base/product_6_image_3.png?t=1759214780,TestBrand,active
product_7,Product 7,Test product 7 for catalog testing,in stock,new,53.50USD,https://alanho.github.io/meta_product_data_version_feed_sample/output/html/product_7_base.html,https://alanho.github.io/meta_product_data_version_feed_sample/output/images/base/product_7_image_1.png?t=1759214780,https://alanho.github.io/meta_product_data_version_feed_sample/output/images/base/product_7_image_2.png?t=1759214780,https://alanho.github.io/meta_product_data_version_feed_sample/output/images/base/product_7_image_3.png?t=1759214780,TestBrand,active
product_8,Product 8,Test product 8 for catalog testing,in stock,new,54.00USD,https://alanho.github.io/meta_product_data_version_feed_sample/output/html/product_8_base.html,https://alanho.github.io/meta_product_data_version_feed_sample/output/images/base/product_8_image_1.png?t=1759214780,https://alanho.github.io/meta_product_data_version_feed_sample/output/images/base/product_8_image_2.png?t=1759214780,https://alanho.github.io/meta_product_data_version_feed_sample/output/images/base/product_8_image_3.png?t=1759214780,TestBrand,active
product_9,Product 9,Test product 9 for catalog testing,in stock,new,54.50USD,https://alanho.github.io/meta_product_data_version_feed_sample/output/html/product_9_base.html,https://alanho.github.io/meta_product_data_version_feed_sample/output/images/base/product_9_image_1.png?t=1759214780,https://alanho.github.io/meta_product_data_version_feed_sample/output/images/base/product_9_image_2.png?t=1759214780,https://alanho.github.io/meta_product_data_version_feed_sample/output/images/base/product_9_image_3.png?t=1759214780,TestBrand,active
product_10,Product 10,Test product 10 for catalog testing,in stock,new,55.00USD,https://alanho.github.io/meta_product_data_version_feed_sample/output/html/product_10_base.html,https://alanho.github.io/meta_product_data_version_feed_sample/output/images/base/product_10_image_1.png?t=1759214780,https://alanho.github.io/meta_product_data_version_feed_sample/output/images/base/product_10_image_2.png?t=1759214780,https://alanho.github.io/meta_product_data_version_feed_sample/output/images/base/product_10_image_3.png?t=1759214780,TestBrand,active
product_11,Product 11,Test product 11 for catalog testing,in stock,new,55.50USD,https://alanho.github.io/meta_product_data_version_feed_sample/output/html/product_11_base.html,https://alanho.github.io/meta_product_data_version_feed_sample/output/images/base/product_11_image_1.png?t=1759214780,https://alanho.github.io/meta_product_data_version_feed_sample/output/images/base/product_11_image_2.png?t=1759214780,https://alanho.github.io/meta_product_data_version_feed_sample/output/images/base/product_11_image_3.png?t=1759214780,TestBrand,active
product_12,Product 12,Test product 12 for catalog testing,in stock,new,56.00USD,https://alanho.github.io/meta_product_data_version_feed_sample/output/html/product_12_base.html,https://alanho.github.io/meta_product_data_version_feed_sample/output/images/base/product_12_image_1.png?t=1759214780,https://alanho.github.io/meta_product_data_version_feed_sample/output/images/base/product_12_image_2.png?t=1759214780,https://alanho.github.io/meta_product_data_version_feed_sample/output/images/base/product_12_image_3.png?t=1759214780,TestBrand,active
product_13,Product 13,Test product 13 for catalog testing,in stock,new,56.50USD,https://alanho.github.io/meta_product_data_version_feed_sample/output/html/product_13_base.html,https://alanho.github.io/meta_product_data_version_feed_sample/output/images/base/product_13_image_1.png?t=1759214780,https://alanho.github.io/meta_product_data_version_feed_sample/output/images/base/product_13_image_2.png?t=1759214780,https://alanho.github.io/meta_product_data_version_feed_sample/output/images/base/product_13_image_3.png?t=1759214780,TestBrand,active
product_14,Product 14,Test product 14 for catalog testing,in stock,new,57.00USD,https://alanho.github.io/meta_product_data_version_feed_sample/output/html/product_14_base.html,https://alanho.github.io/meta_product_data_version_feed_sample/output/images/base/product_14_image_1.png?t=1759214780,https://alanho.github.io/meta_product_data_version_feed_sample/output/images/base/product_14_image_2.png?t=1759214780,https://alanho.github.io/meta_product_data_version_feed_sample/output/images/base/product_14_image_3.png?t=1759214780,TestBrand,active
product_15,Product 15,Test product 15 for catalog testing,in stock,new,57.50USD,https://alanho.github.io/meta_product_data_version_feed_sample/output/html/product_15_base.html,https://alanho.github.io/meta_product_data_version_feed_sample/output/images/base/product_15_image_1.png?t=1759214780,https://alanho.github.io/meta_product_data_version_feed_sample/output/images/base/product_15_image_2.png?t=1759214780,https://alanho.github.io/meta_product_data_version_feed_sample/output/images/base/product_15_image_3.png?t=1759214780,TestBrand,active
product_16,Product 16,Test product 16 for catalog testing,in stock,new,58.00USD,https://alanho.github.io/meta_product_data_version_feed_sample/output/html/product_16_base.html,https://alanho.github.io/meta_product_data_version_feed_sample/output/images/base/product_16_image_1.png?t=1759214780,https://alanho.github.io/meta_product_data_version_feed_sample/output/images/base/product_16_image_2.png?t=1759214780,https://alanho.github.io/meta_product_data_version_feed_sample/output/images/base/product_16_image_3.png?t=1759214780,TestBrand,active
product_17,Product 17,Test product 17 for catalog testing,in stock,new,58.50USD,https://alanho.github.io/meta_product_data_version_feed_sample/output/html/product_17_base.html,https://alanho.github.io/meta_product_data_version_feed_sample/output/images/base/product_17_image_1.png?t=1759214780,https://alanho.github.io/meta_product_data_version_feed_sample/output/images/base/product_17_image_2.png?t=1759214780,https://alanho.github.io/meta_product_data_version_feed_sample/output/images/base/product_17_image_3.png?t=1759214780,TestBrand,active
product_18,Product 18,Test product 18 for catalog testing,in stock,new,59.00USD,https://alanho.github.io/meta_product_data_version_feed_sample/output/html/product_18_base.html,https://alanho.github.io/meta_product_data_version_feed_sample/output/images/base/product_18_image_1.png?t=1759214780,https://alanho.github.io/meta_product_data_version_feed_sample/output/images/base/product_18_image_2.png?t=1759214780,https://alanho.github.io/meta_product_data_version_feed_sample/output/images/base/product_18_image_3.png?t=1759214780,TestBrand,active
product_19,Product 19,Test product 19 for catalog testing,in stock,new,59.50USD,https://alanho.github.io/meta_product_data_version_feed_sample/output/html/product_19_base.html,https://alanho.github.io/meta_product_data_version_feed_sample/output/images/base/product_19_image_1.png?t=1759214780,https://alanho.github.io/meta_product_data_version_feed_sample/output/images/base/product_19_image_2.png?t=1759214780,https://alanho.github.io/meta_product_data_version_feed_sample/output/images/base/product_19_image_3.png?t=1759214780,TestBrand,active
product_20,Product 20,Test product 20 for catalog testing,in stock,new,60.00USD,https://alanho.github.io/meta_product_data_version_feed_sample/output/html/product_20_base.html,https://alanho.github.io/meta_product_data_version_feed_sample/output/images/base/product_20_image_1.png?t=1759214780,https://alanho.github.io/meta_product_data_version_feed_sample/output/images/base/product_20_image_2.png?t=1759214780,https://alanho.github.io/meta_product_data_version_feed_sample/output/images/base/product_20_image_3.png?t=1759214780,TestBrand,active
product_21,Product 21,Test product 21 for catalog testing,in stock,new,60.50USD,https://alanho.github.io/meta_product_data_version_feed_sample/output/html/product_21_base.html,https://alanho.github.io/meta_product_data_version_feed_sample/output/images/base/product_21_image_1.png?t=1759214780,https://alanho.github.io/meta_product_data_version_feed_sample/output/images/base/product_21_image_2.png?t=1759214780,https://alanho.github.io/meta_product_data_version_feed_sample/output/images/base/product_21_image_3.png?t=1759214780,TestBrand,active
product_22,Product 22,Test product 22 for catalog testing,in stock,new,61.00USD,https://alanho.github.io/meta_product_data_version_feed_sample/output/html/product_22_base.html,https://alanho.github.io/meta_product_data_version_feed_sample/output/images/base/product_22_image_1.png?t=1759214780,https://alanho.github.io/meta_product_data_version_feed_sample/output/images/base/product_22_image_2.png?t=1759214780,https://alanho.github.io/meta_product_data_version_feed_sample/output/images/base/product_22_image_3.png?t=1759214780,TestBrand,active
product_23,Product 23,Test product 23 for catalog testing,in stock,new,61.50USD,https://alanho.github.io/meta_product_data_version_feed_sample/output/html/product_23_base.html,https://alanho.github.io/meta_product_data_version_feed_sample/output/images/base/product_23_image_1.png?t=1759214780,https://alanho.github.io/meta_product_data_version_feed_sample/output/images/base/product_23_image_2.png?t=1759214780,https://alanho.github.io/meta_product_data_version_feed_sample/output/images/base/product_23_image_3.png?t=1759214780,TestBrand,active
product_24,Product 24,Test product 24 for catalog testing,in stock,new,62.00USD,https://alanho.github.io/meta_product_data_version_feed_sample/output/html/product_24_base.html,https://alanho.github.io/meta_product_data_version_feed_sample/output/images/base/product_24_image_1.png?t=1759214780,https://alanho.github.io/meta_product_data_version_feed_sample/output/images/base/product_24_image_2.png?t=1759214780,https://alanho.github.io/meta_product_data_version_feed_sample/output/images/base/product_24_image_3.png?t=1759214780,TestBrand,active
product_25,Product 25,Test product 25 for catalog testing,in stock,new,62.50USD,https://alanho.github.io/meta_product_data_version_feed_sample/output/html/product_25_base.html,https://alanho.github.io/meta_product_data_version_feed_sample/output/images/base/product_25_image_1.png?t=1759214780,https://alanho.github.io/meta_product_data_version_feed_sample/output/images/base/product_25_image_2.png?t=1759214780,https://alanho.github.io/meta_product_data_version_feed_sample/output/images/base/product_25_image_3.png?t=1759214780,TestBrand,active
product_26,Product 26,Test product 26 for catalog testing,in stock,new,63.00USD,https://alanho.github.io/meta_product_data_version_feed_sample/output/html/product_26_base.html,https://alanho.github.io/meta_product_data_version_feed_sample/output/images/base/product_26_image_1.png?t=1759214780,https://alanho.github.io/meta_product_data_version_feed_sample/output/images/base/product_26_image_2.png?t=1759214780,https://alanho.github.io/meta_product_data_version_feed_sample/output/images/base/product_26_image_3.png?t=1759214780,TestBrand,active
product_27,Product 27,Test product 27 for catalog testing,in stock,new,63.50USD,https://alanho.github.io/meta_product_data_version_feed_sample/output/html/product_27_base.html,https://alanho.github.io/meta_product_data_version_feed_sample/output/images/base/product_27_image_1.png?t=1759214780,https://alanho.github.io/meta_product_data_version_feed_sample/output/images/base/product_27_image_2.png?t=1759214780,https://alanho.github.io/meta_product_data_version_feed_sample/output/images/base/product_27_image_3.png?t=1759214780,TestBrand,active
product_28,Product 28,Test product 28 for catalog testing,in stock,new,64.00USD,https://alanho.github.io/meta_product_data_version_feed_sample/output/html/product_28_base.html,https://alanho.github.io/meta_product_data_version_feed_sample/output/images/base/product_28_image_1.png?t=1759214780,https://alanho.github.io/meta_product_data_version_feed_sample/output/images/base/product_28_image_2.png?t=1759214780,https://alanho.github.io/meta_product_data_version_feed_sample/output/images/base/product_28_image_3.png?t=1759214780,TestBrand,active
product_29,Product 29,Test product 29 for catalog testing,in stock,new,64.50USD,https://alanho.github.io/meta_product_data_version_feed_sample/output/html/product_29_base.html,https://alanho.github.io/meta_product_data_version_feed_sample/output/images/base/product_29_image_1.png?t=1759214780,https://alanho.github.io/meta_product_data_version_feed_sample/output/images/base/product_29_image_2.png?t=1759214780,https://alanho.github.io/meta_product_data_version_feed_sample/output/images/base/product_29_image_3.png?t=1759214780,TestBrand,active
product_30,Product 30,Test product 30 for catalog testing,in stock,new,65.00USD,https://alanho.github.io/meta_product_data_version_feed_sample/output/html/product_30_base.html,https://alanho.github.io/meta_product_data_version_feed_sample/output/images/base/product_30_image_1.png?t=1759214780,https://alanho.github.io/meta_product_data_version_feed_sample/output/images/base/product_30_image_2.png?t=1759214780,https://alanho.github.io/meta_product_data_version_feed_sample/output/images/base/product_30_image_3.png?t=1759214780,TestBrand,active
product_31,Product 31,Test product 31 for catalog testing,in stock,new,65.50USD,https://alanho.github.io/meta_product_data_version_feed_sample/output/html/product_31_base.html,https://alanho.github.io/meta_product_data_version_feed_sample/output/images/base/product_31_image_1.png?t=1759214780,https://alanho.github.io/meta_product_data_version_feed_sample/output/images/base/product_31_image_2.png?t=1759214780,https://alanho.github.io/meta_product_data_version_feed_sample/output/images/base/product_31_image_3.png?t=1759214780,TestBrand,active
product_32,Product 32,Test product 32 for catalog testing,in stock,new,66.00USD,https://alanho.github.io/meta_product_data_version_feed_sample/output/html/product_32_base.html,https://alanho.github.io/meta_product_data_version_feed_sample/output/images/base/product_32_image_1.png?t=1759214780,https://alanho.github.io/meta_product_data_version_feed_sample/output/images/base/product_32_image_2.png?t=1759214780,https://alanho.github.io/meta_product_data_version_feed_sample/output/images/base/product_32_image_3.png?t=1759214780,TestBrand,active
product_33,Product 33,Test product 33 for catalog testing,in stock,new,66.50USD,https://alanho.github.io/meta_product_data_version_feed_sample/output/html/product_33_base.html,https://alanho.github.io/meta_product_data_version_feed_sample/output/images/base/product_33_image_1.png?t=1759214780,https://alanho.github.io/meta_product_data_version_feed_sample/output/images/base/product_33_image_2.png?t=1759214780,https://alanho.github.io/meta_product_data_version_feed_sample/output/images/base/product_33_image_3.png?t=1759214780,TestBrand,active
product_34,Product 34,Test product 34 for catalog testing,in stock,new,67.00USD,https://alanho.github.io/meta_product_data_version_feed_sample/output/html/product_34_base.html,https://alanho.github.io/meta_product_data_version_feed_sample/output/images/base/product_34_image_1.png?t=1759214780,https://alanho.github.io/meta_product_data_version_feed_sample/output/images/base/product_34_image_2.png?t=1759214780,https://alanho.github.io/meta_product_data_version_feed_sample/output/images/base/product_34_image_3.png?t=1759214780,TestBrand,active
product_35,Product 35,Test product 35 for catalog testing,in stock,new,67.50USD,https://alanho.github.io/meta_product_data_version_feed_sample/output/html/product_35_base.html,https://alanho.github.io/meta_product_data_version_feed_sample/output/images/base/product_35_image_1.png?t=1759214780,https://alanho.github.io/meta_product_data_version_feed_sample/output/images/base/product_35_image_2.png?t=1759214780,https://alanho.github.io/meta_product_data_version_feed_sample/output/images/base/product_35_image_3.png?t=1759214780,TestBrand,active
product_36,Product 36,Test product 36 for catalog testing,in stock,new,68.00USD,https://alanho.github.io/meta_product_data_version_feed_sample/output/html/product_36_base.html,https://alanho.github.io/meta_product_data_version_feed_sample/output/images/base/product_36_image_1.png?t=1759214780,https://alanho.github.io/meta_product_data_version_feed_sample/output/images/base/product_36_image_2.png?t=1759214780,https://alanho.github.io/meta_product_data_version_feed_sample/output/images/base/product_36_image_3.png?t=1759214780,TestBrand,active
product_37,Product 37,Test product 37 for catalog testing,in stock,new,68.50USD,https://alanho.github.io/meta_product_data_version_feed_sample/output/html/product_37_base.html,https://alanho.github.io/meta_product_data_version_feed_sample/output/images/base/product_37_image_1.png?t=1759214780,https://alanho.github.io/meta_product_data_version_feed_sample/output/images/base/product_37_image_2.png?t=1759214780,https://alanho.github.io/meta_product_data_version_feed_sample/output/images/base/product_37_image_3.png?t=1759214780,TestBrand,active
product_38,Product 38,Test product 38 for catalog testing,in stock,new,69.00USD,https://alanho.github.io/meta_product_data_version_feed_sample/output/html/product_38_base.html,https://alanho.github.io/meta_product_data_version_feed_sample/output/images/base/product_38_image_1.png?t=1759214780,https://alanho.github.io/meta_product_data_version_feed_sample/output/images/base/product_38_image_2.png?t=1759214780,https://alanho.github.io/meta_product_data_version_feed_sample/output/images/base/product_38_image_3.png?t=1759214780,TestBrand,active
product_39,Product 39,Test product 39 for catalog testing,in stock,new,69.50USD,https://alanho.github.io/meta_product_data_version_feed_sample/output/html/product_39_base.html,https://alanho.github.io/meta_product_data_version_feed_sample/output/images/base/product_39_image_1.png?t=1759214780,https://alanho.github.io/meta_product_data_version_feed_sample/output/images/base/product_39_image_2.png?t=1759214780,https://alanho.github.io/meta_product_data_version_feed_sample/output/images/base/product_39_image_3.png?t=1759214780,TestBrand,active
product_40,Product 40,Test product 40 for catalog testing,in stock,new,70.00USD,https://alanho.github.io/meta_product_data_version_feed_sample/output/html/product_40_base.html,https://alanho.github.io/meta_product_data_version_feed_sample/output/images/base/product_40_image_1.png?t=1759214780,https://alanho.github.io/meta_product_data_version_feed_sample/output/images/base/product_40_image_2.png?t=1759214780,https://alanho.github.io/meta_product_data_version_feed_sample/output/images/base/product_40_image_3.png?t=1759214780,TestBrand,active
product_41,Product 41,Test product 41 for catalog testing,in stock,new,70.50USD,https://alanho.github.io/meta_product_data_version_feed_sample/output/html/product_41_base.html,https://alanho.github.io/meta_product_data_version_feed_sample/output/images/base/product_41_image_1.png?t=1759214780,https://alanho.github.io/meta_product_data_version_feed_sample/output/images/base/product_41_image_2.png?t=1759214780,https://alanho.github.io/meta_product_data_version_feed_sample/output/images/base/product_41_image_3.png?t=1759214780,TestBrand,active
product_42,Product 42,Test product 42 for catalog testing,in stock,new,71.00USD,https://alanho.github.io/meta_product_data_version_feed_sample/output/html/product_42_base.html,https://alanho.github.io/meta_product_data_version_feed_sample/output/images/base/product_42_image_1.png?t=1759214780,https://alanho.github.io/meta_product_data_version_feed_sample/output/images/base/product_42_image_2.png?t=1759214780,https://alanho.github.io/meta_product_data_version_feed_sample/output/images/base/product_42_image_3.png?t=1759214780,TestBrand,active
product_43,Product 43,Test product 43 for catalog testing,in stock,new,71.50USD,https://alanho.github.io/meta_product_data_version_feed_sample/output/html/product_43_base.html,https://alanho.github.io/meta_product_data_version_feed_sample/output/images/base/product_43_image_1.png?t=1759214780,https://alanho.github.io/meta_product_data_version_feed_sample/output/images/base/product_43_image_2.png?t=1759214780,https://alanho.github.io/meta_product_data_version_feed_sample/output/images/base/product_43_image_3.png?t=1759214780,TestBrand,active
product_44,Product 44,Test product 44 for catalog testing,in stock,new,72.00USD,https://alanho.github.io/meta_product_data_version_feed_sample/output/html/product_44_base.html,https://alanho.github.io/meta_product_data_version_feed_sample/output/images/base/product_44_image_1.png?t=1759214780,https://alanho.github.io/meta_product_data_version_feed_sample/output/images/base/product_44_image_2.png?t=1759214780,https://alanho.github.io/meta_product_data_version_feed_sample/output/images/base/product_44_image_3.png?t=1759214780,TestBrand,active
product_45,Product 45,Test product 45 for catalog testing,in stock,new,72.50USD,https://alanho.github.io/meta_product_data_version_feed_sample/output/html/product_45_base.html,https://alanho.github.io/meta_product_data_version_feed_sample/output/images/base/product_45_image_1.png?t=1759214780,https://alanho.github.io/meta_product_data_version_feed_sample/output/images/base/product_45_image_2.png?t=1759214780,https://alanho.github.io/meta_product_data_version_feed_sample/output/images/base/product_45_image_3.png?t=1759214780,TestBrand,active
product_46,Product 46,Test product 46 for catalog testing,in stock,new,73.00USD,https://alanho.github.io/meta_product_data_version_feed_sample/output/html/product_46_base.html,https://alanho.github.io/meta_product_data_version_feed_sample/output/images/base/product_46_image_1.png?t=1759214780,https://alanho.github.io/meta_product_data_version_feed_sample/output/images/base/product_46_image_2.png?t=1759214780,https://alanho.github.io/meta_product_data_version_feed_sample/output/images/base/product_46_image_3.png?t=1759214780,TestBrand,active
product_47,Product 47,Test product 47 for catalog testing,in stock,new,73.50USD,https://alanho.github.io/meta_product_data_version_feed_sample/output/html/product_47_base.html,https://alanho.github.io/meta_product_data_version_feed_sample/output/images/base/product_47_image_1.png?t=1759214780,https://alanho.github.io/meta_product_data_version_feed_sample/output/images/base/product_47_image_2.png?t=1759214780,https://alanho.github.io/meta_product_data_version_feed_sample/output/images/base/product_47_image_3.png?t=1759214780,TestBrand,active
product_48,Product 48,Test product 48 for catalog testing,in stock,new,74.00USD,https://alanho.github.io/meta_product_data_version_feed_sample/output/html/product_48_base.html,https://alanho.github.io/meta_product_data_version_feed_sample/output/images/base/product_48_image_1.png?t=1759214780,https://alanho.github.io/meta_product_data_version_feed_sample/output/images/base/product_48_image_2.png?t=1759214780,https://alanho.github.io/meta_product_data_version_feed_sample/output/images/base/product_48_image_3.png?t=1759214780,TestBrand,active
product_49,Product 49,Test product 49 for catalog testing,in stock,new,74.50USD,https://alanho.github.io/meta_product_data_version_feed_sample/output/html/product_49_base.html,https://alanho.github.io/meta_product_data_version_feed_sample/output/images/base/product_49_image_1.png?t=1759214780,https://alanho.github.io/meta_product_data_version_feed_sample/output/images/base/product_49_image_2.png?t=1759214780,https://alanho.github.io/meta_product_data_version_feed_sample/output/images/base/product_49_image_3.png?t=1759214780,TestBrand,active
product_50,Product 50,Test product 50 for catalog testing,in stock,new,75.00USD,https://alanho.github.io/meta_product_data_version_feed_sample/output/html/product_50_base.html,https://alanho.github.io/meta_product_data_version_feed_sample/output/images/base/product_50_image_1.png?t=1759214780,https://alanho.github.io/meta_product_data_version_feed_sample/output/images/base/product_50_image_2.png?t=1759214780,https://alanho.github.io/meta_product_data_version_feed_sample/output/images/base/product_50_image_3.png?t=1759214780,TestBrand,active
product_51,Product 51,Test product 51 for catalog testing,in stock,new,75.50USD,https://alanho.github.io/meta_product_data_version_feed_sample/output/html/product_51_base.html,https://alanho.github.io/meta_product_data_version_feed_sample/output/images/base/product_51_image_1.png?t=1759214780,https://alanho.github.io/meta_product_data_version_feed_sample/output/images/base/product_51_image_2.png?t=1759214780,https://alanho.github.io/meta_product_data_version_feed_sample/output/images/base/product_51_image_3.png?t=1759214780,TestBrand,active
product_52,Product 52,Test product 52 for catalog testing,in stock,new,76.00USD,https://alanho.github.io/meta_product_data_version_feed_sample/output/html/product_52_base.html,https://alanho.github.io/meta_product_data_version_feed_sample/output/images/base/product_52_image_1.png?t=1759214780,https://alanho.github.io/meta_product_data_version_feed_sample/output/images/base/product_52_image_2.png?t=1759214780,https://alanho.github.io/meta_product_data_version_feed_sample/output/images/base/product_52_image_3.png?t=1759214780,TestBrand,active
product_53,Product 53,Test product 53 for catalog testing,in stock,new,76.50USD,https://alanho.github.io/meta_product_data_version_feed_sample/output/html/product_53_base.html,https://alanho.github.io/meta_product_data_version_feed_sample/output/images/base/product_53_image_1.png?t=1759214780,https://alanho.github.io/meta_product_data_version_feed_sample/output/images/base/product_53_image_2.png?t=1759214780,https://alanho.github.io/meta_product_data_version_feed_sample/output/images/base/product_53_image_3.png?t=1759214780,TestBrand,active
product_54,Product 54,Test product 54 for catalog testing,in stock,new,77.00USD,https://alanho.github.io/meta_product_data_version_feed_sample/output/html/product_54_base.html,https://alanho.github.io/meta_product_data_version_feed_sample/output/images/base/product_54_image_1.png?t=1759214780,https://alanho.github.io/meta_product_data_version_feed_sample/output/images/base/product_54_image_2.png?t=1759214780,https://alanho.github.io/meta_product_data_version_feed_sample/output/images/base/product_54_image_3.png?t=1759214780,TestBrand,active
product_55,Product 55,Test product 55 for catalog testing,in stock,new,77.50USD,https://alanho.github.io/meta_product_data_version_feed_sample/output/html/product_55_base.html,https://alanho.github.io/meta_product_data_version_feed_sample/output/images/base/product_55_image_1.png?t=1759214780,https://alanho.github.io/meta_product_data_version_feed_sample/output/images/base/product_55_image_2.png?t=1759214780,https://alanho.github.io/meta_product_data_version_feed_sample/output/images/base/product_55_image_3.png?t=1759214780,TestBrand,active
product_56,Product 56,Test product 56 for catalog testing,in stock,new,78.00USD,https://alanho.github.io/meta_product_data_version_feed_sample/output/html/product_56_base.html,https://alanho.github.io/meta_product_data_version_feed_sample/output/images/base/product_56_image_1.png?t=1759214780,https://alanho.github.io/meta_product_data_version_feed_sample/output/images/base/product_56_image_2.png?t=1759214780,https://alanho.github.io/meta_product_data_version_feed_sample/output/images/base/product_56_image_3.png?t=1759214780,TestBrand,active
product_57,Product 57,Test product 57 for catalog testing,in stock,new,78.50USD,https://alanho.github.io/meta_product_data_version_feed_sample/output/html/product_57_base.html,https://alanho.github.io/meta_product_data_version_feed_sample/output/images/base/product_57_image_1.png?t=1759214780,https://alanho.github.io/meta_product_data_version_feed_sample/output/images/base/product_57_image_2.png?t=1759214780,https://alanho.github.io/meta_product_data_version_feed_sample/output/images/base/product_57_image_3.png?t=1759214780,TestBrand,active
product_58,Product 58,Test product 58 for catalog testing,in stock,new,79.00USD,https://alanho.github.io/meta_product_data_version_feed_sample/output/html/product_58_base.html,https://alanho.github.io/meta_product_data_version_feed_sample/output/images/base/product_58_image_1.png?t=1759214780,https://alanho.github.io/meta_product_data_version_feed_sample/output/images/base/product_58_image_2.png?t=1759214780,https://alanho.github.io/meta_product_data_version_feed_sample/output/images/base/product_58_image_3.png?t=1759214780,TestBrand,active
product_59,Product 59,Test product 59 for catalog testing,in stock,new,79.50USD,https://alanho.github.io/meta_product_data_version_feed_sample/output/html/product_59_base.html,https://alanho.github.io/meta_product_data_version_feed_sample/output/images/base/product_59_image_1.png?t=1759214780,https://alanho.github.io/meta_product_data_version_feed_sample/output/images/base/product_59_image_2.png?t=1759214780,https://alanho.github.io/meta_product_data_version_feed_sample/output/images/base/product_59_image_3.png?t=1759214780,TestBrand,active
product_60,Product 60,Test product 60 for catalog testing,in stock,new,80.00USD,https://alanho.github.io/meta_product_data_version_feed_sample/output/html/product_60_base.html,https://alanho.github.io/meta_product_data_version_feed_sample/output/images/base/product_60_image_1.png?t=1759214780,https://alanho.github.io/meta_product_data_version_feed_sample/output/images/base/product_60_image_2.png?t=1759214780,https://alanho.github.io/meta_product_data_version_feed_sample/output/images/base/product_60_image_3.png?t=1759214780,TestBrand,active
product_61,Product 61,Test product 61 for catalog testing,in stock,new,80.50USD,https://alanho.github.io/meta_product_data_version_feed_sample/output/html/product_61_base.html,https://alanho.github.io/meta_product_data_version_feed_sample/output/images/base/product_61_image_1.png?t=1759214780,https://alanho.github.io/meta_product_data_version_feed_sample/output/images/base/product_61_image_2.png?t=1759214780,https://alanho.github.io/meta_product_data_version_feed_sample/output/images/base/product_61_image_3.png?t=1759214780,TestBrand,active
product_62,Product 62,Test product 62 for catalog testing,in stock,new,81.00USD,https://alanho.github.io/meta_product_data_version_feed_sample/output/html/product_62_base.html,https://alanho.github.io/meta_product_data_version_feed_sample/output/images/base/product_62_image_1.png?t=1759214780,https://alanho.github.io/meta_product_data_version_feed_sample/output/images/base/product_62_image_2.png?t=1759214780,https://alanho.github.io/meta_product_data_version_feed_sample/output/images/base/product_62_image_3.png?t=1759214780,TestBrand,active
product_63,Product 63,Test product 63 for catalog testing,in stock,new,81.50USD,https://alanho.github.io/meta_product_data_version_feed_sample/output/html/product_63_base.html,https://alanho.github.io/meta_product_data_version_feed_sample/output/images/base/product_63_image_1.png?t=1759214780,https://alanho.github.io/meta_product_data_version_feed_sample/output/images/base/product_63_image_2.png?t=1759214780,https://alanho.github.io/meta_product_data_version_feed_sample/output/images/base/product_63_image_3.png?t=1759214780,TestBrand,active
product_64,Product 64,Test product 64 for catalog testing,in stock,new,82.00USD,https://alanho.github.io/meta_product_data_version_feed_sample/output/html/product_64_base.html,https://alanho.github.io/meta_product_data_version_feed_sample/output/images/base/product_64_image_1.png?t=1759214780,https://alanho.github.io/meta_product_data_version_feed_sample/output/images/base/product_64_image_2.png?t=1759214780,https://alanho.github.io/meta_product_data_version_feed_sample/output/images/base/product_64_image_3.png?t=1759214780,TestBrand,active
product_65,Product 65,Test product 65 for catalog testing,in stock,new,82.50USD,https://alanho.github.io/meta_product_data_version_feed_sample/output/html/product_65_base.html,https://alanho.github.io/meta_product_data_version_feed_sample/output/images/base/product_65_image_1.png?t=1759214780,https://alanho.github.io/meta_product_data_version_feed_sample/output/images/base/product_65_image_2.png?t=1759214780,https://alanho.github.io/meta_product_data_version_feed_sample/output/images/base/product_65_image_3.png?t=1759214780,TestBrand,active
product_66,Product 66,Test product 66 for catalog testing,in stock,new,83.00USD,https://alanho.github.io/meta_product_data_version_feed_sample/output/html/product_66_base.html,https://alanho.github.io/meta_product_data_version_feed_sample/output/images/base/product_66_image_1.png?t=1759214780,https://alanho.github.io/meta_product_data_version_feed_sample/output/images/base/product_66_image_2.png?t=1759214780,https://alanho.github.io/meta_product_data_version_feed_sample/output/images/base/product_66_image_3.png?t=1759214780,TestBrand,active
product_67,Product 67,Test product 67 for catalog testing,in stock,new,83.50USD,https://alanho.github.io/meta_product_data_version_feed_sample/output/html/product_67_base.html,https://alanho.github.io/meta_product_data_version_feed_sample/output/images/base/product_67_image_1.png?t=1759214780,https://alanho.github.io/meta_product_data_version_feed_sample/output/images/base/product_67_image_2.png?t=1759214780,https://alanho.github.io/meta_product_data_version_feed_sample/output/images/base/product_67_image_3.png?t=1759214780,TestBrand,active
product_68,Product 68,Test product 68 for catalog testing,in stock,new,84.00USD,https://alanho.github.io/meta_product_data_version_feed_sample/output/html/product_68_base.html,https://alanho.github.io/meta_product_data_version_feed_sample/output/images/base/product_68_image_1.png?t=1759214780,https://alanho.github.io/meta_product_data_version_feed_sample/output/images/base/product_68_image_2.png?t=1759214780,https://alanho.github.io/meta_product_data_version_feed_sample/output/images/base/product_68_image_3.png?t=1759214780,TestBrand,active
product_69,Product 69,Test product 69 for catalog testing,in stock,new,84.50USD,https://alanho.github.io/meta_product_data_version_feed_sample/output/html/product_69_base.html,https://alanho.github.io/meta_product_data_version_feed_sample/output/images/base/product_69_image_1.png?t=1759214780,https://alanho.github.io/meta_product_data_version_feed_sample/output/images/base/product_69_image_2.png?t=1759214780,https://alanho.github.io/meta_product_data_version_feed_sample/output/images/base/product_69_image_3.png?t=1759214780,TestBrand,active
product_70,Product 70,Test product 70 for catalog testing,in stock,new,85.00USD,https://alanho.github.io/meta_product_data_version_feed_sample/output/html/product_70_base.html,https://alanho.github.io/meta_product_data_version_feed_sample/output/images/base/product_70_image_1.png?t=1759214780,https://alanho.github.io/meta_product_data_version_feed_sample/output/images/base/product_70_image_2.png?t=1759214780,https://alanho.github.io/meta_product_data_version_feed_sample/output/images/base/product_70_image_3.png?t=1759214780,TestBrand,active
product_71,Product 71,Test product 71 for catalog testing,in stock,new,85.50USD,https://alanho.github.io/meta_product_data_version_feed_sample/output/html/product_71_base.html,https://alanho.github.io/meta_product_data_version_feed_sample/output/images/base/product_71_image_1.png?t=1759214780,https://alanho.github.io/meta_product_data_version_feed_sample/output/images/base/product_71_image_2.png?t=1759214780,https://alanho.github.io/meta_product_data_version_feed_sample/output/images/base/product_71_image_3.png?t=1759214780,TestBrand,active
product_72,Product 72,Test product 72 for catalog testing,in stock,new,86.00USD,https://alanho.github.io/meta_product_data_version_feed_sample/output/html/product_72_base.html,https://alanho.github.io/meta_product_data_version_feed_sample/output/images/base/product_72_image_1.png?t=1759214780,https://alanho.github.io/meta_product_data_version_feed_sample/output/images/base/product_72_image_2.png?t=1759214780,https://alanho.github.io/meta_product_data_version_feed_sample/output/images/base/product_72_image_3.png?t=1759214780,TestBrand,active
product_73,Product 73,Test product 73 for catalog testing,in stock,new,86.50USD,https://alanho.github.io/meta_product_data_version_feed_sample/output/html/product_73_base.html,https://alanho.github.io/meta_product_data_version_feed_sample/output/images/base/product_73_image_1.png?t=1759214780,https://alanho.github.io/meta_product_data_version_feed_sample/output/images/base/product_73_image_2.png?t=1759214780,https://alanho.github.io/meta_product_data_version_feed_sample/output/images/base/product_73_image_3.png?t=1759214780,TestBrand,active
product_74,Product 74,Test product 74 for catalog testing,in stock,new,87.00USD,https://alanho.github.io/meta_product_data_version_feed_sample/output/html/product_74_base.html,https://alanho.github.io/meta_product_data_version_feed_sample/output/images/base/product_74_image_1.png?t=1759214780,https://alanho.github.io/meta_product_data_version_feed_sample/output/images/base/product_74_image_2.png?t=1759214780,https://alanho.github.io/meta_product_data_version_feed_sample/output/images/base/product_74_image_3.png?t=1759214780,TestBrand,active
product_75,Product 75,Test product 75 for catalog testing,in stock,new,87.50USD,https://alanho.github.io/meta_product_data_version_feed_sample/output/html/product_75_base.html,https://alanho.github.io/meta_product_data_version_feed_sample/output/images/base/product_75_image_1.png?t=1759214780,https://alanho.github.io/meta_product_data_version_feed_sample/output/images/base/product_75_image_2.png?t=1759214780,https://alanho.github.io/meta_product_data_version_feed_sample/output/images/base/product_75_image_3.png?t=1759214780,TestBrand,active
product_76,Product 76,Test product 76 for catalog testing,in stock,new,88.00USD,https://alanho.github.io/meta_product_data_version_feed_sample/output/html/product_76_base.html,https://alanho.github.io/meta_product_data_version_feed_sample/output/images/base/product_76_image_1.png?t=1759214780,https://alanho.github.io/meta_product_data_version_feed_sample/output/images/base/product_76_image_2.png?t=1759214780,https://alanho.github.io/meta_product_data_version_feed_sample/output/images/base/product_76_image_3.png?t=1759214780,TestBrand,active
product_77,Product 77,Test product 77 for catalog testing,in stock,new,88.50USD,https://alanho.github.io/meta_product_data_version_feed_sample/output/html/product_77_base.html,https://alanho.github.io/meta_product_data_version_feed_sample/output/images/base/product_77_image_1.png?t=1759214780,https://alanho.github.io/meta_product_data_version_feed_sample/output/images/base/product_77_image_2.png?t=1759214780,https://alanho.github.io/meta_product_data_version_feed_sample/output/images/base/product_77_image_3.png?t=1759214780,TestBrand,active
product_78,Product 78,Test product 78 for catalog testing,in stock,new,89.00USD,https://alanho.github.io/meta_product_data_version_feed_sample/output/html/product_78_base.html,https://alanho.github.io/meta_product_data_version_feed_sample/output/images/base/product_78_image_1.png?t=1759214780,https://alanho.github.io/meta_product_data_version_feed_sample/output/images/base/product_78_image_2.png?t=1759214780,https://alanho.github.io/meta_product_data_version_feed_sample/output/images/base/product_78_image_3.png?t=1759214780,TestBrand,active
product_79,Product 79,Test product 79 for catalog testing,in stock,new,89.50USD,https://alanho.github.io/meta_product_data_version_feed_sample/output/html/product_79_base.html,https://alanho.github.io/meta_product_data_version_feed_sample/output/images/base/product_79_image_1.png?t=1759214780,https://alanho.github.io/meta_product_data_version_feed_sample/output/images/base/product_79_image_2.png?t=1759214780,https://alanho.github.io/meta_product_data_version_feed_sample/output/images/base/product_79_image_3.png?t=1759214780,TestBrand,active
product_80,Product 80,Test product 80 for catalog testing,in stock,new,90.00USD,https://alanho.github.io/meta_product_data_version_feed_sample/output/html/product_80_base.html,https://alanho.github.io/meta_product_data_version_feed_sample/output/images/base/product_80_image_1.png?t=1759214780,https://alanho.github.io/meta_product_data_version_feed_sample/output/images/base/product_80_image_2.png?t=1759214780,https://alanho.github.io/meta_product_data_version_feed_sample/output/images/base/product_80_image_3.png?t=1759214780,TestBrand,active
product_81,Product 81,Test product 81 for catalog testing,in stock,new,90.50USD,https://alanho.github.io/meta_product_data_version_feed_sample/output/html/product_81_base.html,https://alanho.github.io/meta_product_data_version_feed_sample/output/images/base/product_81_image_1.png?t=1759214780,https://alanho.github.io/meta_product_data_version_feed_sample/output/images/base/product_81_image_2.png?t=1759214780,https://alanho.github.io/meta_product_data_version_feed_sample/output/images/base/product_81_image_3.png?t=1759214780,TestBrand,active
product_82,Product 82,Test product 82 for catalog testing,in stock,new,91.00USD,https://alanho.github.io/meta_product_data_version_feed_sample/output/html/product_82_base.html,https://alanho.github.io/meta_product_data_version_feed_sample/output/images/base/product_82_image_1.png?t=1759214780,https://alanho.github.io/meta_product_data_version_feed_sample/output/images/base/product_82_image_2.png?t=1759214780,https://alanho.github.io/meta_product_data_version_feed_sample/output/images/base/product_82_image_3.png?t=1759214780,TestBrand,active
product_83,Product 83,Test product 83 for catalog testing,in stock,new,91.50USD,https://alanho.github.io/meta_product_data_version_feed_sample/output/html/product_83_base.html,https://alanho.github.io/meta_product_data_version_feed_sample/output/images/base/product_83_image_1.png?t=1759214780,https://alanho.github.io/meta_product_data_version_feed_sample/output/images/base/product_83_image_2.png?t=1759214780,https://alanho.github.io/meta_product_data_version_feed_sample/output/images/base/product_83_image_3.png?t=1759214780,TestBrand,active
product_84,Product 84,Test product 84 for catalog testing,in stock,new,92.00USD,https://alanho.github.io/meta_product_data_version_feed_sample/output/html/product_84_base.html,https://alanho.github.io/meta_product_data_version_feed_sample/output/images/base/product_84_image_1.png?t=1759214780,https://alanho.github.io/meta_product_data_version_feed_sample/output/images/base/product_84_image_2.png?t=1759214780,https://alanho.github.io/meta_product_data_version_feed_sample/output/images/base/product_84_image_3.png?t=1759214780,TestBrand,active
product_85,Product 85,Test product 85 for catalog testing,in stock,new,92.50USD,https://alanho.github.io/meta_product_data_version_feed_sample/output/html/product_85_base.html,https://alanho.github.io/meta_product_data_version_feed_sample/output/images/base/product_85_image_1.png?t=1759214780,https://alanho.github.io/meta_product_data_version_feed_sample/output/images/base/product_85_image_2.png?t=1759214780,https://alanho.github.io/meta_product_data_version_feed_sample/output/images/base/product_85_image_3.png?t=1759214780,TestBrand,active
product_86,Product 86,Test product 86 for catalog testing,in stock,new,93.00USD,https://alanho.github.io/meta_product_data_version_feed_sample/output/html/product_86_base.html,https://alanho.github.io/meta_product_data_version_feed_sample/output/images/base/product_86_image_1.png?t=1759214780,https://alanho.github.io/meta_product_data_version_feed_sample/output/images/base/product_86_image_2.png?t=1759214780,https://alanho.github.io/meta_product_data_version_feed_sample/output/images/base/product_86_image_3.png?t=1759214780,TestBrand,active
product_87,Product 87,Test product 87 for catalog testing,in stock,new,93.50USD,https://alanho.github.io/meta_product_data_version_feed_sample/output/html/product_87_base.html,https://alanho.github.io/meta_product_data_version_feed_sample/output/images/base/product_87_image_1.png?t=1759214780,https://alanho.github.io/meta_product_data_version_feed_sample/output/images/base/product_87_image_2.png?t=1759214780,https://alanho.github.io/meta_product_data_version_feed_sample/output/images/base/product_87_image_3.png?t=1759214780,TestBrand,active
product_88,Product 88,Test product 88 for catalog testing,in stock,new,94.00USD,https://alanho.github.io/meta_product_data_version_feed_sample/output/html/product_88_base.html,https://alanho.github.io/meta_product_data_version_feed_sample/output/images/base/product_88_image_1.png?t=1759214780,https://alanho.github.io/meta_product_data_version_feed_sample/output/images/base/product_88_image_2.png?t=1759214780,https://alanho.github.io/meta_product_data_version_feed_sample/output/images/base/product_88_image_3.png?t=1759214780,TestBrand,active
product_89,Product 89,Test product 89 for catalog testing,in stock,new,94.50USD,https://alanho.github.io/meta_product_data_version_feed_sample/output/html/product_89_base.html,https://alanho.github.io/meta_product_data_version_feed_sample/output/images/base/product_89_image_1.png?t=1759214780,https://alanho.github.io/meta_product_data_version_feed_sample/output/images/base/product_89_image_2.png?t=1759214780,https://alanho.github.io/meta_product_data_version_feed_sample/output/images/base/product_89_image_3.png?t=1759214780,TestBrand,active
product_90,Product 90,Test product 90 for catalog testing,in stock,new,95.00USD,https://alanho.github.io/meta_product_data_version_feed_sample/output/html/product_90_base.html,https://alanho.github.io/meta_product_data_version_feed_sample/output/images/base/product_90_image_1.png?t=1759214780,https://alanho.github.io/meta_product_data_version_feed_sample/output/images/base/product_90_image_2.png?t=1759214780,https://alanho.github.io/meta_product_data_version_feed_sample/output/images/base/product_90_image_3.png?t=1759214780,TestBrand,active
product_91,Product 91,Test product 91 for catalog testing,in stock,new,95.50USD,https://alanho.github.io/meta_product_data_version_feed_sample/output/html/product_91_base.html,https://alanho.github.io/meta_product_data_version_feed_sample/output/images/base/product_91_image_1.png?t=1759214780,https://alanho.github.io/meta_product_data_version_feed_sample/output/images/base/product_91_image_2.png?t=1759214780,https://alanho.github.io/meta_product_data_version_feed_sample/output/images/base/product_91_image_3.png?t=1759214780,TestBrand,active
product_92,Product 92,Test product 92 for catalog testing,in stock,new,96.00USD,https://alanho.github.io/meta_product_data_version_feed_sample/output/html/product_92_base.html,https://alanho.github.io/meta_product_data_version_feed_sample/output/images/base/product_92_image_1.png?t=1759214780,https://alanho.github.io/meta_product_data_version_feed_sample/output/images/base/product_92_image_2.png?t=1759214780,https://alanho.github.io/meta_product_data_version_feed_sample/output/images/base/product_92_image_3.png?t=1759214780,TestBrand,active
product_93,Product 93,Test product 93 for catalog testing,in stock,new,96.50USD,https://alanho.github.io/meta_product_data_version_feed_sample/output/html/product_93_base.html,https://alanho.github.io/meta_product_data_version_feed_sample/output/images/base/product_93_image_1.png?t=1759214780,https://alanho.github.io/meta_product_data_version_feed_sample/output/images/base/product_93_image_2.png?t=1759214780,https://alanho.github.io/meta_product_data_version_feed_sample/output/images/base/product_93_image_3.png?t=1759214780,TestBrand,active
product_94,Product 94,Test product 94 for catalog testing,in stock,new,97.00USD,https://alanho.github.io/meta_product_data_version_feed_sample/output/html/product_94_base.html,https://alanho.github.io/meta_product_data_version_feed_sample/output/images/base/product_94_image_1.png?t=1759214780,https://alanho.github.io/meta_product_data_version_feed_sample/output/images/base/product_94_image_2.png?t=1759214780,https://alanho.github.io/meta_product_data_version_feed_sample/output/images/base/product_94_image_3.png?t=1759214780,TestBrand,active
product_95,Product 95,Test product 95 for catalog testing,in stock,new,97.50USD,https://alanho.github.io/meta_product_data_version_feed_sample/output/html/product_95_base.html,https://alanho.github.io/meta_product_data_version_feed_sample/output/images/base/product_95_image_1.png?t=1759214780,https://alanho.github.io/meta_product_data_version_feed_sample/output/images/base/product_95_image_2.png?t=1759214780,https://alanho.github.io/meta_product_data_version_feed_sample/output/images/base/product_95_image_3.png?t=1759214780,TestBrand,active
product_96,Product 96,Test product 96 for catalog testing,in stock,new,98.00USD,https://alanho.github.io/meta_product_data_version_feed_sample/output/html/product_96_base.html,https://alanho.github.io/meta_product_data_version_feed_sample/output/images/base/product_96_image_1.png?t=1759214780,https://alanho.github.io/meta_product_data_version_feed_sample/output/images/base/product_96_image_2.png?t=1759214780,https://alanho.github.io/meta_product_data_version_feed_sample/output/images/base/product_96_image_3.png?t=1759214780,TestBrand,active
product_97,Product 97,Test product 97 for catalog testing,in stock,new,98.50USD,https://alanho.github.io/meta_product_data_version_feed_sample/output/html/product_97_base.html,https://alanho.github.io/meta_product_data_version_feed_sample/output/images/base/product_97_image_1.png?t=1759214780,https://alanho.github.io/meta_product_data_version_feed_sample/output/images/base/product_97_image_2.png?t=1759214780,https://alanho.github.io/meta_product_data_version_feed_sample/output/images/base/product_97_image_3.png?t=1759214780,TestBrand,active
product_98,Product 98,Test product 98 for catalog testing,in stock,new,99.00USD,https://alanho.github.io/meta_product_data_version_feed_sample/output/html/product_98_base.html,https://alanho.github.io/meta_product_data_version_feed_sample/output/images/base/product_98_image_1.png?t=1759214780,https://alanho.github.io/meta_product_data_version_feed_sample/output/images/base/product_98_image_2.png?t=1759214780,https://alanho.github.io/meta_product_data_version_feed_sample/output/images/base/product_98_image_3.png?t=1759214780,TestBrand,active
product_99,Product 99,Test product 99 for catalog testing,in stock,new,99.50USD,https://alanho.github.io/meta_product_data_version_feed_sample/output/html/product_99_base.html,https://alanho.github.io/meta_product_data_version_feed_sample/output/images/base/product_99_image_1.png?t=1759214780,https://alanho.github.io/meta_product_data_version_feed_sample/output/images/base/product_99_image_2.png?t=1759214780,https://alanho.github.io/meta_product_data_version_feed_sample/output/images/base/product_99_image_3.png?t=1759214780,TestBrand,active
product_100,Product 100,Test product 100 for catalog testing,in stock,new,100.00USD,https://alanho.github.io/meta_product_data_version_feed_sample/output/html/product_100_base.html,https://alanho.github.io/meta_product_data_version_feed_sample/output/images/base/product_100_image_1.png?t=1759214780,https://alanho.github.io/meta_product_data_version_feed_sample/output/images/base/product_100_image_2.png?t=1759214780,https://alanho.github.io/meta_product_data_version_feed_sample/output/images/base/product_100_image_3.png?t=1759214780,TestBrand,active
