id,title,description,price,link,image[0].url,image[1].url,image[2].url
product_1,Product 1 - Version B,UPDATED: Test product 1 in Version B for catalog testing with new features,58.33USD,https://alanho.github.io/meta_product_data_version_feed_sample/output/html/product_1_version_b.html,https://alanho.github.io/meta_product_data_version_feed_sample/output/images/version_b/product_1_image_1.png?t=1759214780,https://alanho.github.io/meta_product_data_version_feed_sample/output/images/version_b/product_1_image_2.png?t=1759214780,https://alanho.github.io/meta_product_data_version_feed_sample/output/images/version_b/product_1_image_3.png?t=1759214780
product_2,Product 2 - Version B,UPDATED: Test product 2 in Version B for catalog testing with new features,58.91USD,https://alanho.github.io/meta_product_data_version_feed_sample/output/html/product_2_version_b.html,https://alanho.github.io/meta_product_data_version_feed_sample/output/images/version_b/product_2_image_1.png?t=1759214780,https://alanho.github.io/meta_product_data_version_feed_sample/output/images/version_b/product_2_image_2.png?t=1759214780,https://alanho.github.io/meta_product_data_version_feed_sample/output/images/version_b/product_2_image_3.png?t=1759214780
product_3,Product 3 - Version B,UPDATED: Test product 3 in Version B for catalog testing with new features,59.48USD,https://alanho.github.io/meta_product_data_version_feed_sample/output/html/product_3_version_b.html,https://alanho.github.io/meta_product_data_version_feed_sample/output/images/version_b/product_3_image_1.png?t=1759214780,https://alanho.github.io/meta_product_data_version_feed_sample/output/images/version_b/product_3_image_2.png?t=1759214780,https://alanho.github.io/meta_product_data_version_feed_sample/output/images/version_b/product_3_image_3.png?t=1759214780
product_4,Product 4 - Version B,UPDATED: Test product 4 in Version B for catalog testing with new features,60.06USD,https://alanho.github.io/meta_product_data_version_feed_sample/output/html/product_4_version_b.html,https://alanho.github.io/meta_product_data_version_feed_sample/output/images/version_b/product_4_image_1.png?t=1759214780,https://alanho.github.io/meta_product_data_version_feed_sample/output/images/version_b/product_4_image_2.png?t=1759214780,https://alanho.github.io/meta_product_data_version_feed_sample/output/images/version_b/product_4_image_3.png?t=1759214780
product_5,Product 5 - Version B,UPDATED: Test product 5 in Version B for catalog testing with new features,60.64USD,https://alanho.github.io/meta_product_data_version_feed_sample/output/html/product_5_version_b.html,https://alanho.github.io/meta_product_data_version_feed_sample/output/images/version_b/product_5_image_1.png?t=1759214780,https://alanho.github.io/meta_product_data_version_feed_sample/output/images/version_b/product_5_image_2.png?t=1759214780,https://alanho.github.io/meta_product_data_version_feed_sample/output/images/version_b/product_5_image_3.png?t=1759214780
product_6,Product 6 - Version B,UPDATED: Test product 6 in Version B for catalog testing with new features,61.22USD,https://alanho.github.io/meta_product_data_version_feed_sample/output/html/product_6_version_b.html,https://alanho.github.io/meta_product_data_version_feed_sample/output/images/version_b/product_6_image_1.png?t=1759214780,https://alanho.github.io/meta_product_data_version_feed_sample/output/images/version_b/product_6_image_2.png?t=1759214780,https://alanho.github.io/meta_product_data_version_feed_sample/output/images/version_b/product_6_image_3.png?t=1759214780
product_7,Product 7 - Version B,UPDATED: Test product 7 in Version B for catalog testing with new features,61.79USD,https://alanho.github.io/meta_product_data_version_feed_sample/output/html/product_7_version_b.html,https://alanho.github.io/meta_product_data_version_feed_sample/output/images/version_b/product_7_image_1.png?t=1759214780,https://alanho.github.io/meta_product_data_version_feed_sample/output/images/version_b/product_7_image_2.png?t=1759214780,https://alanho.github.io/meta_product_data_version_feed_sample/output/images/version_b/product_7_image_3.png?t=1759214780
product_8,Product 8 - Version B,UPDATED: Test product 8 in Version B for catalog testing with new features,62.37USD,https://alanho.github.io/meta_product_data_version_feed_sample/output/html/product_8_version_b.html,https://alanho.github.io/meta_product_data_version_feed_sample/output/images/version_b/product_8_image_1.png?t=1759214780,https://alanho.github.io/meta_product_data_version_feed_sample/output/images/version_b/product_8_image_2.png?t=1759214780,https://alanho.github.io/meta_product_data_version_feed_sample/output/images/version_b/product_8_image_3.png?t=1759214780
product_9,Product 9 - Version B,UPDATED: Test product 9 in Version B for catalog testing with new features,62.95USD,https://alanho.github.io/meta_product_data_version_feed_sample/output/html/product_9_version_b.html,https://alanho.github.io/meta_product_data_version_feed_sample/output/images/version_b/product_9_image_1.png?t=1759214780,https://alanho.github.io/meta_product_data_version_feed_sample/output/images/version_b/product_9_image_2.png?t=1759214780,https://alanho.github.io/meta_product_data_version_feed_sample/output/images/version_b/product_9_image_3.png?t=1759214780
product_10,Product 10 - Version B,UPDATED: Test product 10 in Version B for catalog testing with new features,63.53USD,https://alanho.github.io/meta_product_data_version_feed_sample/output/html/product_10_version_b.html,https://alanho.github.io/meta_product_data_version_feed_sample/output/images/version_b/product_10_image_1.png?t=1759214780,https://alanho.github.io/meta_product_data_version_feed_sample/output/images/version_b/product_10_image_2.png?t=1759214780,https://alanho.github.io/meta_product_data_version_feed_sample/output/images/version_b/product_10_image_3.png?t=1759214780
product_11,Product 11 - Version B,UPDATED: Test product 11 in Version B for catalog testing with new features,64.10USD,https://alanho.github.io/meta_product_data_version_feed_sample/output/html/product_11_version_b.html,https://alanho.github.io/meta_product_data_version_feed_sample/output/images/version_b/product_11_image_1.png?t=1759214780,https://alanho.github.io/meta_product_data_version_feed_sample/output/images/version_b/product_11_image_2.png?t=1759214780,https://alanho.github.io/meta_product_data_version_feed_sample/output/images/version_b/product_11_image_3.png?t=1759214780
product_12,Product 12 - Version B,UPDATED: Test product 12 in Version B for catalog testing with new features,64.68USD,https://alanho.github.io/meta_product_data_version_feed_sample/output/html/product_12_version_b.html,https://alanho.github.io/meta_product_data_version_feed_sample/output/images/version_b/product_12_image_1.png?t=1759214780,https://alanho.github.io/meta_product_data_version_feed_sample/output/images/version_b/product_12_image_2.png?t=1759214780,https://alanho.github.io/meta_product_data_version_feed_sample/output/images/version_b/product_12_image_3.png?t=1759214780
product_13,Product 13 - Version B,UPDATED: Test product 13 in Version B for catalog testing with new features,65.26USD,https://alanho.github.io/meta_product_data_version_feed_sample/output/html/product_13_version_b.html,https://alanho.github.io/meta_product_data_version_feed_sample/output/images/version_b/product_13_image_1.png?t=1759214780,https://alanho.github.io/meta_product_data_version_feed_sample/output/images/version_b/product_13_image_2.png?t=1759214780,https://alanho.github.io/meta_product_data_version_feed_sample/output/images/version_b/product_13_image_3.png?t=1759214780
product_14,Product 14 - Version B,UPDATED: Test product 14 in Version B for catalog testing with new features,65.84USD,https://alanho.github.io/meta_product_data_version_feed_sample/output/html/product_14_version_b.html,https://alanho.github.io/meta_product_data_version_feed_sample/output/images/version_b/product_14_image_1.png?t=1759214780,https://alanho.github.io/meta_product_data_version_feed_sample/output/images/version_b/product_14_image_2.png?t=1759214780,https://alanho.github.io/meta_product_data_version_feed_sample/output/images/version_b/product_14_image_3.png?t=1759214780
product_15,Product 15 - Version B,UPDATED: Test product 15 in Version B for catalog testing with new features,66.41USD,https://alanho.github.io/meta_product_data_version_feed_sample/output/html/product_15_version_b.html,https://alanho.github.io/meta_product_data_version_feed_sample/output/images/version_b/product_15_image_1.png?t=1759214780,https://alanho.github.io/meta_product_data_version_feed_sample/output/images/version_b/product_15_image_2.png?t=1759214780,https://alanho.github.io/meta_product_data_version_feed_sample/output/images/version_b/product_15_image_3.png?t=1759214780
product_16,Product 16 - Version B,UPDATED: Test product 16 in Version B for catalog testing with new features,66.99USD,https://alanho.github.io/meta_product_data_version_feed_sample/output/html/product_16_version_b.html,https://alanho.github.io/meta_product_data_version_feed_sample/output/images/version_b/product_16_image_1.png?t=1759214780,https://alanho.github.io/meta_product_data_version_feed_sample/output/images/version_b/product_16_image_2.png?t=1759214780,https://alanho.github.io/meta_product_data_version_feed_sample/output/images/version_b/product_16_image_3.png?t=1759214780
product_17,Product 17 - Version B,UPDATED: Test product 17 in Version B for catalog testing with new features,67.57USD,https://alanho.github.io/meta_product_data_version_feed_sample/output/html/product_17_version_b.html,https://alanho.github.io/meta_product_data_version_feed_sample/output/images/version_b/product_17_image_1.png?t=1759214780,https://alanho.github.io/meta_product_data_version_feed_sample/output/images/version_b/product_17_image_2.png?t=1759214780,https://alanho.github.io/meta_product_data_version_feed_sample/output/images/version_b/product_17_image_3.png?t=1759214780
product_18,Product 18 - Version B,UPDATED: Test product 18 in Version B for catalog testing with new features,68.15USD,https://alanho.github.io/meta_product_data_version_feed_sample/output/html/product_18_version_b.html,https://alanho.github.io/meta_product_data_version_feed_sample/output/images/version_b/product_18_image_1.png?t=1759214780,https://alanho.github.io/meta_product_data_version_feed_sample/output/images/version_b/product_18_image_2.png?t=1759214780,https://alanho.github.io/meta_product_data_version_feed_sample/output/images/version_b/product_18_image_3.png?t=1759214780
product_19,Product 19 - Version B,UPDATED: Test product 19 in Version B for catalog testing with new features,68.72USD,https://alanho.github.io/meta_product_data_version_feed_sample/output/html/product_19_version_b.html,https://alanho.github.io/meta_product_data_version_feed_sample/output/images/version_b/product_19_image_1.png?t=1759214780,https://alanho.github.io/meta_product_data_version_feed_sample/output/images/version_b/product_19_image_2.png?t=1759214780,https://alanho.github.io/meta_product_data_version_feed_sample/output/images/version_b/product_19_image_3.png?t=1759214780
product_20,Product 20 - Version B,UPDATED: Test product 20 in Version B for catalog testing with new features,69.30USD,https://alanho.github.io/meta_product_data_version_feed_sample/output/html/product_20_version_b.html,https://alanho.github.io/meta_product_data_version_feed_sample/output/images/version_b/product_20_image_1.png?t=1759214780,https://alanho.github.io/meta_product_data_version_feed_sample/output/images/version_b/product_20_image_2.png?t=1759214780,https://alanho.github.io/meta_product_data_version_feed_sample/output/images/version_b/product_20_image_3.png?t=1759214780
product_21,Product 21 - Version B,UPDATED: Test product 21 in Version B for catalog testing with new features,69.88USD,https://alanho.github.io/meta_product_data_version_feed_sample/output/html/product_21_version_b.html,https://alanho.github.io/meta_product_data_version_feed_sample/output/images/version_b/product_21_image_1.png?t=1759214780,https://alanho.github.io/meta_product_data_version_feed_sample/output/images/version_b/product_21_image_2.png?t=1759214780,https://alanho.github.io/meta_product_data_version_feed_sample/output/images/version_b/product_21_image_3.png?t=1759214780
product_22,Product 22 - Version B,UPDATED: Test product 22 in Version B for catalog testing with new features,70.46USD,https://alanho.github.io/meta_product_data_version_feed_sample/output/html/product_22_version_b.html,https://alanho.github.io/meta_product_data_version_feed_sample/output/images/version_b/product_22_image_1.png?t=1759214780,https://alanho.github.io/meta_product_data_version_feed_sample/output/images/version_b/product_22_image_2.png?t=1759214780,https://alanho.github.io/meta_product_data_version_feed_sample/output/images/version_b/product_22_image_3.png?t=1759214780
product_23,Product 23 - Version B,UPDATED: Test product 23 in Version B for catalog testing with new features,71.03USD,https://alanho.github.io/meta_product_data_version_feed_sample/output/html/product_23_version_b.html,https://alanho.github.io/meta_product_data_version_feed_sample/output/images/version_b/product_23_image_1.png?t=1759214780,https://alanho.github.io/meta_product_data_version_feed_sample/output/images/version_b/product_23_image_2.png?t=1759214780,https://alanho.github.io/meta_product_data_version_feed_sample/output/images/version_b/product_23_image_3.png?t=1759214780
product_24,Product 24 - Version B,UPDATED: Test product 24 in Version B for catalog testing with new features,71.61USD,https://alanho.github.io/meta_product_data_version_feed_sample/output/html/product_24_version_b.html,https://alanho.github.io/meta_product_data_version_feed_sample/output/images/version_b/product_24_image_1.png?t=1759214780,https://alanho.github.io/meta_product_data_version_feed_sample/output/images/version_b/product_24_image_2.png?t=1759214780,https://alanho.github.io/meta_product_data_version_feed_sample/output/images/version_b/product_24_image_3.png?t=1759214780
product_25,Product 25 - Version B,UPDATED: Test product 25 in Version B for catalog testing with new features,72.19USD,https://alanho.github.io/meta_product_data_version_feed_sample/output/html/product_25_version_b.html,https://alanho.github.io/meta_product_data_version_feed_sample/output/images/version_b/product_25_image_1.png?t=1759214780,https://alanho.github.io/meta_product_data_version_feed_sample/output/images/version_b/product_25_image_2.png?t=1759214780,https://alanho.github.io/meta_product_data_version_feed_sample/output/images/version_b/product_25_image_3.png?t=1759214780
product_26,Product 26 - Version B,UPDATED: Test product 26 in Version B for catalog testing with new features,72.77USD,https://alanho.github.io/meta_product_data_version_feed_sample/output/html/product_26_version_b.html,https://alanho.github.io/meta_product_data_version_feed_sample/output/images/version_b/product_26_image_1.png?t=1759214780,https://alanho.github.io/meta_product_data_version_feed_sample/output/images/version_b/product_26_image_2.png?t=1759214780,https://alanho.github.io/meta_product_data_version_feed_sample/output/images/version_b/product_26_image_3.png?t=1759214780
product_27,Product 27 - Version B,UPDATED: Test product 27 in Version B for catalog testing with new features,73.34USD,https://alanho.github.io/meta_product_data_version_feed_sample/output/html/product_27_version_b.html,https://alanho.github.io/meta_product_data_version_feed_sample/output/images/version_b/product_27_image_1.png?t=1759214780,https://alanho.github.io/meta_product_data_version_feed_sample/output/images/version_b/product_27_image_2.png?t=1759214780,https://alanho.github.io/meta_product_data_version_feed_sample/output/images/version_b/product_27_image_3.png?t=1759214780
product_28,Product 28 - Version B,UPDATED: Test product 28 in Version B for catalog testing with new features,73.92USD,https://alanho.github.io/meta_product_data_version_feed_sample/output/html/product_28_version_b.html,https://alanho.github.io/meta_product_data_version_feed_sample/output/images/version_b/product_28_image_1.png?t=1759214780,https://alanho.github.io/meta_product_data_version_feed_sample/output/images/version_b/product_28_image_2.png?t=1759214780,https://alanho.github.io/meta_product_data_version_feed_sample/output/images/version_b/product_28_image_3.png?t=1759214780
product_29,Product 29 - Version B,UPDATED: Test product 29 in Version B for catalog testing with new features,74.50USD,https://alanho.github.io/meta_product_data_version_feed_sample/output/html/product_29_version_b.html,https://alanho.github.io/meta_product_data_version_feed_sample/output/images/version_b/product_29_image_1.png?t=1759214780,https://alanho.github.io/meta_product_data_version_feed_sample/output/images/version_b/product_29_image_2.png?t=1759214780,https://alanho.github.io/meta_product_data_version_feed_sample/output/images/version_b/product_29_image_3.png?t=1759214780
product_30,Product 30 - Version B,UPDATED: Test product 30 in Version B for catalog testing with new features,75.08USD,https://alanho.github.io/meta_product_data_version_feed_sample/output/html/product_30_version_b.html,https://alanho.github.io/meta_product_data_version_feed_sample/output/images/version_b/product_30_image_1.png?t=1759214780,https://alanho.github.io/meta_product_data_version_feed_sample/output/images/version_b/product_30_image_2.png?t=1759214780,https://alanho.github.io/meta_product_data_version_feed_sample/output/images/version_b/product_30_image_3.png?t=1759214780
product_31,Product 31 - Version B,UPDATED: Test product 31 in Version B for catalog testing with new features,75.65USD,https://alanho.github.io/meta_product_data_version_feed_sample/output/html/product_31_version_b.html,https://alanho.github.io/meta_product_data_version_feed_sample/output/images/version_b/product_31_image_1.png?t=1759214780,https://alanho.github.io/meta_product_data_version_feed_sample/output/images/version_b/product_31_image_2.png?t=1759214780,https://alanho.github.io/meta_product_data_version_feed_sample/output/images/version_b/product_31_image_3.png?t=1759214780
product_32,Product 32 - Version B,UPDATED: Test product 32 in Version B for catalog testing with new features,76.23USD,https://alanho.github.io/meta_product_data_version_feed_sample/output/html/product_32_version_b.html,https://alanho.github.io/meta_product_data_version_feed_sample/output/images/version_b/product_32_image_1.png?t=1759214780,https://alanho.github.io/meta_product_data_version_feed_sample/output/images/version_b/product_32_image_2.png?t=1759214780,https://alanho.github.io/meta_product_data_version_feed_sample/output/images/version_b/product_32_image_3.png?t=1759214780
product_33,Product 33 - Version B,UPDATED: Test product 33 in Version B for catalog testing with new features,76.81USD,https://alanho.github.io/meta_product_data_version_feed_sample/output/html/product_33_version_b.html,https://alanho.github.io/meta_product_data_version_feed_sample/output/images/version_b/product_33_image_1.png?t=1759214780,https://alanho.github.io/meta_product_data_version_feed_sample/output/images/version_b/product_33_image_2.png?t=1759214780,https://alanho.github.io/meta_product_data_version_feed_sample/output/images/version_b/product_33_image_3.png?t=1759214780
product_34,Product 34 - Version B,UPDATED: Test product 34 in Version B for catalog testing with new features,77.39USD,https://alanho.github.io/meta_product_data_version_feed_sample/output/html/product_34_version_b.html,https://alanho.github.io/meta_product_data_version_feed_sample/output/images/version_b/product_34_image_1.png?t=1759214780,https://alanho.github.io/meta_product_data_version_feed_sample/output/images/version_b/product_34_image_2.png?t=1759214780,https://alanho.github.io/meta_product_data_version_feed_sample/output/images/version_b/product_34_image_3.png?t=1759214780
product_35,Product 35 - Version B,UPDATED: Test product 35 in Version B for catalog testing with new features,77.96USD,https://alanho.github.io/meta_product_data_version_feed_sample/output/html/product_35_version_b.html,https://alanho.github.io/meta_product_data_version_feed_sample/output/images/version_b/product_35_image_1.png?t=1759214780,https://alanho.github.io/meta_product_data_version_feed_sample/output/images/version_b/product_35_image_2.png?t=1759214780,https://alanho.github.io/meta_product_data_version_feed_sample/output/images/version_b/product_35_image_3.png?t=1759214780
product_36,Product 36 - Version B,UPDATED: Test product 36 in Version B for catalog testing with new features,78.54USD,https://alanho.github.io/meta_product_data_version_feed_sample/output/html/product_36_version_b.html,https://alanho.github.io/meta_product_data_version_feed_sample/output/images/version_b/product_36_image_1.png?t=1759214780,https://alanho.github.io/meta_product_data_version_feed_sample/output/images/version_b/product_36_image_2.png?t=1759214780,https://alanho.github.io/meta_product_data_version_feed_sample/output/images/version_b/product_36_image_3.png?t=1759214780
product_37,Product 37 - Version B,UPDATED: Test product 37 in Version B for catalog testing with new features,79.12USD,https://alanho.github.io/meta_product_data_version_feed_sample/output/html/product_37_version_b.html,https://alanho.github.io/meta_product_data_version_feed_sample/output/images/version_b/product_37_image_1.png?t=1759214780,https://alanho.github.io/meta_product_data_version_feed_sample/output/images/version_b/product_37_image_2.png?t=1759214780,https://alanho.github.io/meta_product_data_version_feed_sample/output/images/version_b/product_37_image_3.png?t=1759214780
product_38,Product 38 - Version B,UPDATED: Test product 38 in Version B for catalog testing with new features,79.70USD,https://alanho.github.io/meta_product_data_version_feed_sample/output/html/product_38_version_b.html,https://alanho.github.io/meta_product_data_version_feed_sample/output/images/version_b/product_38_image_1.png?t=1759214780,https://alanho.github.io/meta_product_data_version_feed_sample/output/images/version_b/product_38_image_2.png?t=1759214780,https://alanho.github.io/meta_product_data_version_feed_sample/output/images/version_b/product_38_image_3.png?t=1759214780
product_39,Product 39 - Version B,UPDATED: Test product 39 in Version B for catalog testing with new features,80.27USD,https://alanho.github.io/meta_product_data_version_feed_sample/output/html/product_39_version_b.html,https://alanho.github.io/meta_product_data_version_feed_sample/output/images/version_b/product_39_image_1.png?t=1759214780,https://alanho.github.io/meta_product_data_version_feed_sample/output/images/version_b/product_39_image_2.png?t=1759214780,https://alanho.github.io/meta_product_data_version_feed_sample/output/images/version_b/product_39_image_3.png?t=1759214780
product_40,Product 40 - Version B,UPDATED: Test product 40 in Version B for catalog testing with new features,80.85USD,https://alanho.github.io/meta_product_data_version_feed_sample/output/html/product_40_version_b.html,https://alanho.github.io/meta_product_data_version_feed_sample/output/images/version_b/product_40_image_1.png?t=1759214780,https://alanho.github.io/meta_product_data_version_feed_sample/output/images/version_b/product_40_image_2.png?t=1759214780,https://alanho.github.io/meta_product_data_version_feed_sample/output/images/version_b/product_40_image_3.png?t=1759214780
product_41,Product 41 - Version B,UPDATED: Test product 41 in Version B for catalog testing with new features,81.43USD,https://alanho.github.io/meta_product_data_version_feed_sample/output/html/product_41_version_b.html,https://alanho.github.io/meta_product_data_version_feed_sample/output/images/version_b/product_41_image_1.png?t=1759214780,https://alanho.github.io/meta_product_data_version_feed_sample/output/images/version_b/product_41_image_2.png?t=1759214780,https://alanho.github.io/meta_product_data_version_feed_sample/output/images/version_b/product_41_image_3.png?t=1759214780
product_42,Product 42 - Version B,UPDATED: Test product 42 in Version B for catalog testing with new features,82.01USD,https://alanho.github.io/meta_product_data_version_feed_sample/output/html/product_42_version_b.html,https://alanho.github.io/meta_product_data_version_feed_sample/output/images/version_b/product_42_image_1.png?t=1759214780,https://alanho.github.io/meta_product_data_version_feed_sample/output/images/version_b/product_42_image_2.png?t=1759214780,https://alanho.github.io/meta_product_data_version_feed_sample/output/images/version_b/product_42_image_3.png?t=1759214780
product_43,Product 43 - Version B,UPDATED: Test product 43 in Version B for catalog testing with new features,82.58USD,https://alanho.github.io/meta_product_data_version_feed_sample/output/html/product_43_version_b.html,https://alanho.github.io/meta_product_data_version_feed_sample/output/images/version_b/product_43_image_1.png?t=1759214780,https://alanho.github.io/meta_product_data_version_feed_sample/output/images/version_b/product_43_image_2.png?t=1759214780,https://alanho.github.io/meta_product_data_version_feed_sample/output/images/version_b/product_43_image_3.png?t=1759214780
product_44,Product 44 - Version B,UPDATED: Test product 44 in Version B for catalog testing with new features,83.16USD,https://alanho.github.io/meta_product_data_version_feed_sample/output/html/product_44_version_b.html,https://alanho.github.io/meta_product_data_version_feed_sample/output/images/version_b/product_44_image_1.png?t=1759214780,https://alanho.github.io/meta_product_data_version_feed_sample/output/images/version_b/product_44_image_2.png?t=1759214780,https://alanho.github.io/meta_product_data_version_feed_sample/output/images/version_b/product_44_image_3.png?t=1759214780
product_45,Product 45 - Version B,UPDATED: Test product 45 in Version B for catalog testing with new features,83.74USD,https://alanho.github.io/meta_product_data_version_feed_sample/output/html/product_45_version_b.html,https://alanho.github.io/meta_product_data_version_feed_sample/output/images/version_b/product_45_image_1.png?t=1759214780,https://alanho.github.io/meta_product_data_version_feed_sample/output/images/version_b/product_45_image_2.png?t=1759214780,https://alanho.github.io/meta_product_data_version_feed_sample/output/images/version_b/product_45_image_3.png?t=1759214780
product_46,Product 46 - Version B,UPDATED: Test product 46 in Version B for catalog testing with new features,84.32USD,https://alanho.github.io/meta_product_data_version_feed_sample/output/html/product_46_version_b.html,https://alanho.github.io/meta_product_data_version_feed_sample/output/images/version_b/product_46_image_1.png?t=1759214780,https://alanho.github.io/meta_product_data_version_feed_sample/output/images/version_b/product_46_image_2.png?t=1759214780,https://alanho.github.io/meta_product_data_version_feed_sample/output/images/version_b/product_46_image_3.png?t=1759214780
product_47,Product 47 - Version B,UPDATED: Test product 47 in Version B for catalog testing with new features,84.89USD,https://alanho.github.io/meta_product_data_version_feed_sample/output/html/product_47_version_b.html,https://alanho.github.io/meta_product_data_version_feed_sample/output/images/version_b/product_47_image_1.png?t=1759214780,https://alanho.github.io/meta_product_data_version_feed_sample/output/images/version_b/product_47_image_2.png?t=1759214780,https://alanho.github.io/meta_product_data_version_feed_sample/output/images/version_b/product_47_image_3.png?t=1759214780
product_48,Product 48 - Version B,UPDATED: Test product 48 in Version B for catalog testing with new features,85.47USD,https://alanho.github.io/meta_product_data_version_feed_sample/output/html/product_48_version_b.html,https://alanho.github.io/meta_product_data_version_feed_sample/output/images/version_b/product_48_image_1.png?t=1759214780,https://alanho.github.io/meta_product_data_version_feed_sample/output/images/version_b/product_48_image_2.png?t=1759214780,https://alanho.github.io/meta_product_data_version_feed_sample/output/images/version_b/product_48_image_3.png?t=1759214780
product_49,Product 49 - Version B,UPDATED: Test product 49 in Version B for catalog testing with new features,86.05USD,https://alanho.github.io/meta_product_data_version_feed_sample/output/html/product_49_version_b.html,https://alanho.github.io/meta_product_data_version_feed_sample/output/images/version_b/product_49_image_1.png?t=1759214780,https://alanho.github.io/meta_product_data_version_feed_sample/output/images/version_b/product_49_image_2.png?t=1759214780,https://alanho.github.io/meta_product_data_version_feed_sample/output/images/version_b/product_49_image_3.png?t=1759214780
product_50,Product 50 - Version B,UPDATED: Test product 50 in Version B for catalog testing with new features,86.62USD,https://alanho.github.io/meta_product_data_version_feed_sample/output/html/product_50_version_b.html,https://alanho.github.io/meta_product_data_version_feed_sample/output/images/version_b/product_50_image_1.png?t=1759214780,https://alanho.github.io/meta_product_data_version_feed_sample/output/images/version_b/product_50_image_2.png?t=1759214780,https://alanho.github.io/meta_product_data_version_feed_sample/output/images/version_b/product_50_image_3.png?t=1759214780
product_51,Product 51 - Version B,UPDATED: Test product 51 in Version B for catalog testing with new features,87.20USD,https://alanho.github.io/meta_product_data_version_feed_sample/output/html/product_51_version_b.html,https://alanho.github.io/meta_product_data_version_feed_sample/output/images/version_b/product_51_image_1.png?t=1759214780,https://alanho.github.io/meta_product_data_version_feed_sample/output/images/version_b/product_51_image_2.png?t=1759214780,https://alanho.github.io/meta_product_data_version_feed_sample/output/images/version_b/product_51_image_3.png?t=1759214780
product_52,Product 52 - Version B,UPDATED: Test product 52 in Version B for catalog testing with new features,87.78USD,https://alanho.github.io/meta_product_data_version_feed_sample/output/html/product_52_version_b.html,https://alanho.github.io/meta_product_data_version_feed_sample/output/images/version_b/product_52_image_1.png?t=1759214780,https://alanho.github.io/meta_product_data_version_feed_sample/output/images/version_b/product_52_image_2.png?t=1759214780,https://alanho.github.io/meta_product_data_version_feed_sample/output/images/version_b/product_52_image_3.png?t=1759214780
product_53,Product 53 - Version B,UPDATED: Test product 53 in Version B for catalog testing with new features,88.36USD,https://alanho.github.io/meta_product_data_version_feed_sample/output/html/product_53_version_b.html,https://alanho.github.io/meta_product_data_version_feed_sample/output/images/version_b/product_53_image_1.png?t=1759214780,https://alanho.github.io/meta_product_data_version_feed_sample/output/images/version_b/product_53_image_2.png?t=1759214780,https://alanho.github.io/meta_product_data_version_feed_sample/output/images/version_b/product_53_image_3.png?t=1759214780
product_54,Product 54 - Version B,UPDATED: Test product 54 in Version B for catalog testing with new features,88.94USD,https://alanho.github.io/meta_product_data_version_feed_sample/output/html/product_54_version_b.html,https://alanho.github.io/meta_product_data_version_feed_sample/output/images/version_b/product_54_image_1.png?t=1759214780,https://alanho.github.io/meta_product_data_version_feed_sample/output/images/version_b/product_54_image_2.png?t=1759214780,https://alanho.github.io/meta_product_data_version_feed_sample/output/images/version_b/product_54_image_3.png?t=1759214780
product_55,Product 55 - Version B,UPDATED: Test product 55 in Version B for catalog testing with new features,89.51USD,https://alanho.github.io/meta_product_data_version_feed_sample/output/html/product_55_version_b.html,https://alanho.github.io/meta_product_data_version_feed_sample/output/images/version_b/product_55_image_1.png?t=1759214780,https://alanho.github.io/meta_product_data_version_feed_sample/output/images/version_b/product_55_image_2.png?t=1759214780,https://alanho.github.io/meta_product_data_version_feed_sample/output/images/version_b/product_55_image_3.png?t=1759214780
product_56,Product 56 - Version B,UPDATED: Test product 56 in Version B for catalog testing with new features,90.09USD,https://alanho.github.io/meta_product_data_version_feed_sample/output/html/product_56_version_b.html,https://alanho.github.io/meta_product_data_version_feed_sample/output/images/version_b/product_56_image_1.png?t=1759214780,https://alanho.github.io/meta_product_data_version_feed_sample/output/images/version_b/product_56_image_2.png?t=1759214780,https://alanho.github.io/meta_product_data_version_feed_sample/output/images/version_b/product_56_image_3.png?t=1759214780
product_57,Product 57 - Version B,UPDATED: Test product 57 in Version B for catalog testing with new features,90.67USD,https://alanho.github.io/meta_product_data_version_feed_sample/output/html/product_57_version_b.html,https://alanho.github.io/meta_product_data_version_feed_sample/output/images/version_b/product_57_image_1.png?t=1759214780,https://alanho.github.io/meta_product_data_version_feed_sample/output/images/version_b/product_57_image_2.png?t=1759214780,https://alanho.github.io/meta_product_data_version_feed_sample/output/images/version_b/product_57_image_3.png?t=1759214780
product_58,Product 58 - Version B,UPDATED: Test product 58 in Version B for catalog testing with new features,91.25USD,https://alanho.github.io/meta_product_data_version_feed_sample/output/html/product_58_version_b.html,https://alanho.github.io/meta_product_data_version_feed_sample/output/images/version_b/product_58_image_1.png?t=1759214780,https://alanho.github.io/meta_product_data_version_feed_sample/output/images/version_b/product_58_image_2.png?t=1759214780,https://alanho.github.io/meta_product_data_version_feed_sample/output/images/version_b/product_58_image_3.png?t=1759214780
product_59,Product 59 - Version B,UPDATED: Test product 59 in Version B for catalog testing with new features,91.82USD,https://alanho.github.io/meta_product_data_version_feed_sample/output/html/product_59_version_b.html,https://alanho.github.io/meta_product_data_version_feed_sample/output/images/version_b/product_59_image_1.png?t=1759214780,https://alanho.github.io/meta_product_data_version_feed_sample/output/images/version_b/product_59_image_2.png?t=1759214780,https://alanho.github.io/meta_product_data_version_feed_sample/output/images/version_b/product_59_image_3.png?t=1759214780
product_60,Product 60 - Version B,UPDATED: Test product 60 in Version B for catalog testing with new features,92.40USD,https://alanho.github.io/meta_product_data_version_feed_sample/output/html/product_60_version_b.html,https://alanho.github.io/meta_product_data_version_feed_sample/output/images/version_b/product_60_image_1.png?t=1759214780,https://alanho.github.io/meta_product_data_version_feed_sample/output/images/version_b/product_60_image_2.png?t=1759214780,https://alanho.github.io/meta_product_data_version_feed_sample/output/images/version_b/product_60_image_3.png?t=1759214780
product_61,Product 61 - Version B,UPDATED: Test product 61 in Version B for catalog testing with new features,92.98USD,https://alanho.github.io/meta_product_data_version_feed_sample/output/html/product_61_version_b.html,https://alanho.github.io/meta_product_data_version_feed_sample/output/images/version_b/product_61_image_1.png?t=1759214780,https://alanho.github.io/meta_product_data_version_feed_sample/output/images/version_b/product_61_image_2.png?t=1759214780,https://alanho.github.io/meta_product_data_version_feed_sample/output/images/version_b/product_61_image_3.png?t=1759214780
product_62,Product 62 - Version B,UPDATED: Test product 62 in Version B for catalog testing with new features,93.56USD,https://alanho.github.io/meta_product_data_version_feed_sample/output/html/product_62_version_b.html,https://alanho.github.io/meta_product_data_version_feed_sample/output/images/version_b/product_62_image_1.png?t=1759214780,https://alanho.github.io/meta_product_data_version_feed_sample/output/images/version_b/product_62_image_2.png?t=1759214780,https://alanho.github.io/meta_product_data_version_feed_sample/output/images/version_b/product_62_image_3.png?t=1759214780
product_63,Product 63 - Version B,UPDATED: Test product 63 in Version B for catalog testing with new features,94.13USD,https://alanho.github.io/meta_product_data_version_feed_sample/output/html/product_63_version_b.html,https://alanho.github.io/meta_product_data_version_feed_sample/output/images/version_b/product_63_image_1.png?t=1759214780,https://alanho.github.io/meta_product_data_version_feed_sample/output/images/version_b/product_63_image_2.png?t=1759214780,https://alanho.github.io/meta_product_data_version_feed_sample/output/images/version_b/product_63_image_3.png?t=1759214780
product_64,Product 64 - Version B,UPDATED: Test product 64 in Version B for catalog testing with new features,94.71USD,https://alanho.github.io/meta_product_data_version_feed_sample/output/html/product_64_version_b.html,https://alanho.github.io/meta_product_data_version_feed_sample/output/images/version_b/product_64_image_1.png?t=1759214780,https://alanho.github.io/meta_product_data_version_feed_sample/output/images/version_b/product_64_image_2.png?t=1759214780,https://alanho.github.io/meta_product_data_version_feed_sample/output/images/version_b/product_64_image_3.png?t=1759214780
product_65,Product 65 - Version B,UPDATED: Test product 65 in Version B for catalog testing with new features,95.29USD,https://alanho.github.io/meta_product_data_version_feed_sample/output/html/product_65_version_b.html,https://alanho.github.io/meta_product_data_version_feed_sample/output/images/version_b/product_65_image_1.png?t=1759214780,https://alanho.github.io/meta_product_data_version_feed_sample/output/images/version_b/product_65_image_2.png?t=1759214780,https://alanho.github.io/meta_product_data_version_feed_sample/output/images/version_b/product_65_image_3.png?t=1759214780
product_66,Product 66 - Version B,UPDATED: Test product 66 in Version B for catalog testing with new features,95.87USD,https://alanho.github.io/meta_product_data_version_feed_sample/output/html/product_66_version_b.html,https://alanho.github.io/meta_product_data_version_feed_sample/output/images/version_b/product_66_image_1.png?t=1759214780,https://alanho.github.io/meta_product_data_version_feed_sample/output/images/version_b/product_66_image_2.png?t=1759214780,https://alanho.github.io/meta_product_data_version_feed_sample/output/images/version_b/product_66_image_3.png?t=1759214780
product_67,Product 67 - Version B,UPDATED: Test product 67 in Version B for catalog testing with new features,96.44USD,https://alanho.github.io/meta_product_data_version_feed_sample/output/html/product_67_version_b.html,https://alanho.github.io/meta_product_data_version_feed_sample/output/images/version_b/product_67_image_1.png?t=1759214780,https://alanho.github.io/meta_product_data_version_feed_sample/output/images/version_b/product_67_image_2.png?t=1759214780,https://alanho.github.io/meta_product_data_version_feed_sample/output/images/version_b/product_67_image_3.png?t=1759214780
product_68,Product 68 - Version B,UPDATED: Test product 68 in Version B for catalog testing with new features,97.02USD,https://alanho.github.io/meta_product_data_version_feed_sample/output/html/product_68_version_b.html,https://alanho.github.io/meta_product_data_version_feed_sample/output/images/version_b/product_68_image_1.png?t=1759214780,https://alanho.github.io/meta_product_data_version_feed_sample/output/images/version_b/product_68_image_2.png?t=1759214780,https://alanho.github.io/meta_product_data_version_feed_sample/output/images/version_b/product_68_image_3.png?t=1759214780
product_69,Product 69 - Version B,UPDATED: Test product 69 in Version B for catalog testing with new features,97.60USD,https://alanho.github.io/meta_product_data_version_feed_sample/output/html/product_69_version_b.html,https://alanho.github.io/meta_product_data_version_feed_sample/output/images/version_b/product_69_image_1.png?t=1759214780,https://alanho.github.io/meta_product_data_version_feed_sample/output/images/version_b/product_69_image_2.png?t=1759214780,https://alanho.github.io/meta_product_data_version_feed_sample/output/images/version_b/product_69_image_3.png?t=1759214780
product_70,Product 70 - Version B,UPDATED: Test product 70 in Version B for catalog testing with new features,98.18USD,https://alanho.github.io/meta_product_data_version_feed_sample/output/html/product_70_version_b.html,https://alanho.github.io/meta_product_data_version_feed_sample/output/images/version_b/product_70_image_1.png?t=1759214780,https://alanho.github.io/meta_product_data_version_feed_sample/output/images/version_b/product_70_image_2.png?t=1759214780,https://alanho.github.io/meta_product_data_version_feed_sample/output/images/version_b/product_70_image_3.png?t=1759214780
product_71,Product 71 - Version B,UPDATED: Test product 71 in Version B for catalog testing with new features,98.75USD,https://alanho.github.io/meta_product_data_version_feed_sample/output/html/product_71_version_b.html,https://alanho.github.io/meta_product_data_version_feed_sample/output/images/version_b/product_71_image_1.png?t=1759214780,https://alanho.github.io/meta_product_data_version_feed_sample/output/images/version_b/product_71_image_2.png?t=1759214780,https://alanho.github.io/meta_product_data_version_feed_sample/output/images/version_b/product_71_image_3.png?t=1759214780
product_72,Product 72 - Version B,UPDATED: Test product 72 in Version B for catalog testing with new features,99.33USD,https://alanho.github.io/meta_product_data_version_feed_sample/output/html/product_72_version_b.html,https://alanho.github.io/meta_product_data_version_feed_sample/output/images/version_b/product_72_image_1.png?t=1759214780,https://alanho.github.io/meta_product_data_version_feed_sample/output/images/version_b/product_72_image_2.png?t=1759214780,https://alanho.github.io/meta_product_data_version_feed_sample/output/images/version_b/product_72_image_3.png?t=1759214780
product_73,Product 73 - Version B,UPDATED: Test product 73 in Version B for catalog testing with new features,99.91USD,https://alanho.github.io/meta_product_data_version_feed_sample/output/html/product_73_version_b.html,https://alanho.github.io/meta_product_data_version_feed_sample/output/images/version_b/product_73_image_1.png?t=1759214780,https://alanho.github.io/meta_product_data_version_feed_sample/output/images/version_b/product_73_image_2.png?t=1759214780,https://alanho.github.io/meta_product_data_version_feed_sample/output/images/version_b/product_73_image_3.png?t=1759214780
product_74,Product 74 - Version B,UPDATED: Test product 74 in Version B for catalog testing with new features,100.49USD,https://alanho.github.io/meta_product_data_version_feed_sample/output/html/product_74_version_b.html,https://alanho.github.io/meta_product_data_version_feed_sample/output/images/version_b/product_74_image_1.png?t=1759214780,https://alanho.github.io/meta_product_data_version_feed_sample/output/images/version_b/product_74_image_2.png?t=1759214780,https://alanho.github.io/meta_product_data_version_feed_sample/output/images/version_b/product_74_image_3.png?t=1759214780
product_75,Product 75 - Version B,UPDATED: Test product 75 in Version B for catalog testing with new features,101.06USD,https://alanho.github.io/meta_product_data_version_feed_sample/output/html/product_75_version_b.html,https://alanho.github.io/meta_product_data_version_feed_sample/output/images/version_b/product_75_image_1.png?t=1759214780,https://alanho.github.io/meta_product_data_version_feed_sample/output/images/version_b/product_75_image_2.png?t=1759214780,https://alanho.github.io/meta_product_data_version_feed_sample/output/images/version_b/product_75_image_3.png?t=1759214780
product_76,Product 76 - Version B,UPDATED: Test product 76 in Version B for catalog testing with new features,101.64USD,https://alanho.github.io/meta_product_data_version_feed_sample/output/html/product_76_version_b.html,https://alanho.github.io/meta_product_data_version_feed_sample/output/images/version_b/product_76_image_1.png?t=1759214780,https://alanho.github.io/meta_product_data_version_feed_sample/output/images/version_b/product_76_image_2.png?t=1759214780,https://alanho.github.io/meta_product_data_version_feed_sample/output/images/version_b/product_76_image_3.png?t=1759214780
product_77,Product 77 - Version B,UPDATED: Test product 77 in Version B for catalog testing with new features,102.22USD,https://alanho.github.io/meta_product_data_version_feed_sample/output/html/product_77_version_b.html,https://alanho.github.io/meta_product_data_version_feed_sample/output/images/version_b/product_77_image_1.png?t=1759214780,https://alanho.github.io/meta_product_data_version_feed_sample/output/images/version_b/product_77_image_2.png?t=1759214780,https://alanho.github.io/meta_product_data_version_feed_sample/output/images/version_b/product_77_image_3.png?t=1759214780
product_78,Product 78 - Version B,UPDATED: Test product 78 in Version B for catalog testing with new features,102.80USD,https://alanho.github.io/meta_product_data_version_feed_sample/output/html/product_78_version_b.html,https://alanho.github.io/meta_product_data_version_feed_sample/output/images/version_b/product_78_image_1.png?t=1759214780,https://alanho.github.io/meta_product_data_version_feed_sample/output/images/version_b/product_78_image_2.png?t=1759214780,https://alanho.github.io/meta_product_data_version_feed_sample/output/images/version_b/product_78_image_3.png?t=1759214780
product_79,Product 79 - Version B,UPDATED: Test product 79 in Version B for catalog testing with new features,103.37USD,https://alanho.github.io/meta_product_data_version_feed_sample/output/html/product_79_version_b.html,https://alanho.github.io/meta_product_data_version_feed_sample/output/images/version_b/product_79_image_1.png?t=1759214780,https://alanho.github.io/meta_product_data_version_feed_sample/output/images/version_b/product_79_image_2.png?t=1759214780,https://alanho.github.io/meta_product_data_version_feed_sample/output/images/version_b/product_79_image_3.png?t=1759214780
product_80,Product 80 - Version B,UPDATED: Test product 80 in Version B for catalog testing with new features,103.95USD,https://alanho.github.io/meta_product_data_version_feed_sample/output/html/product_80_version_b.html,https://alanho.github.io/meta_product_data_version_feed_sample/output/images/version_b/product_80_image_1.png?t=1759214780,https://alanho.github.io/meta_product_data_version_feed_sample/output/images/version_b/product_80_image_2.png?t=1759214780,https://alanho.github.io/meta_product_data_version_feed_sample/output/images/version_b/product_80_image_3.png?t=1759214780
product_81,Product 81 - Version B,UPDATED: Test product 81 in Version B for catalog testing with new features,104.53USD,https://alanho.github.io/meta_product_data_version_feed_sample/output/html/product_81_version_b.html,https://alanho.github.io/meta_product_data_version_feed_sample/output/images/version_b/product_81_image_1.png?t=1759214780,https://alanho.github.io/meta_product_data_version_feed_sample/output/images/version_b/product_81_image_2.png?t=1759214780,https://alanho.github.io/meta_product_data_version_feed_sample/output/images/version_b/product_81_image_3.png?t=1759214780
product_82,Product 82 - Version B,UPDATED: Test product 82 in Version B for catalog testing with new features,105.11USD,https://alanho.github.io/meta_product_data_version_feed_sample/output/html/product_82_version_b.html,https://alanho.github.io/meta_product_data_version_feed_sample/output/images/version_b/product_82_image_1.png?t=1759214780,https://alanho.github.io/meta_product_data_version_feed_sample/output/images/version_b/product_82_image_2.png?t=1759214780,https://alanho.github.io/meta_product_data_version_feed_sample/output/images/version_b/product_82_image_3.png?t=1759214780
product_83,Product 83 - Version B,UPDATED: Test product 83 in Version B for catalog testing with new features,105.68USD,https://alanho.github.io/meta_product_data_version_feed_sample/output/html/product_83_version_b.html,https://alanho.github.io/meta_product_data_version_feed_sample/output/images/version_b/product_83_image_1.png?t=1759214780,https://alanho.github.io/meta_product_data_version_feed_sample/output/images/version_b/product_83_image_2.png?t=1759214780,https://alanho.github.io/meta_product_data_version_feed_sample/output/images/version_b/product_83_image_3.png?t=1759214780
product_84,Product 84 - Version B,UPDATED: Test product 84 in Version B for catalog testing with new features,106.26USD,https://alanho.github.io/meta_product_data_version_feed_sample/output/html/product_84_version_b.html,https://alanho.github.io/meta_product_data_version_feed_sample/output/images/version_b/product_84_image_1.png?t=1759214780,https://alanho.github.io/meta_product_data_version_feed_sample/output/images/version_b/product_84_image_2.png?t=1759214780,https://alanho.github.io/meta_product_data_version_feed_sample/output/images/version_b/product_84_image_3.png?t=1759214780
product_85,Product 85 - Version B,UPDATED: Test product 85 in Version B for catalog testing with new features,106.84USD,https://alanho.github.io/meta_product_data_version_feed_sample/output/html/product_85_version_b.html,https://alanho.github.io/meta_product_data_version_feed_sample/output/images/version_b/product_85_image_1.png?t=1759214780,https://alanho.github.io/meta_product_data_version_feed_sample/output/images/version_b/product_85_image_2.png?t=1759214780,https://alanho.github.io/meta_product_data_version_feed_sample/output/images/version_b/product_85_image_3.png?t=1759214780
product_86,Product 86 - Version B,UPDATED: Test product 86 in Version B for catalog testing with new features,107.42USD,https://alanho.github.io/meta_product_data_version_feed_sample/output/html/product_86_version_b.html,https://alanho.github.io/meta_product_data_version_feed_sample/output/images/version_b/product_86_image_1.png?t=1759214780,https://alanho.github.io/meta_product_data_version_feed_sample/output/images/version_b/product_86_image_2.png?t=1759214780,https://alanho.github.io/meta_product_data_version_feed_sample/output/images/version_b/product_86_image_3.png?t=1759214780
product_87,Product 87 - Version B,UPDATED: Test product 87 in Version B for catalog testing with new features,107.99USD,https://alanho.github.io/meta_product_data_version_feed_sample/output/html/product_87_version_b.html,https://alanho.github.io/meta_product_data_version_feed_sample/output/images/version_b/product_87_image_1.png?t=1759214780,https://alanho.github.io/meta_product_data_version_feed_sample/output/images/version_b/product_87_image_2.png?t=1759214780,https://alanho.github.io/meta_product_data_version_feed_sample/output/images/version_b/product_87_image_3.png?t=1759214780
product_88,Product 88 - Version B,UPDATED: Test product 88 in Version B for catalog testing with new features,108.57USD,https://alanho.github.io/meta_product_data_version_feed_sample/output/html/product_88_version_b.html,https://alanho.github.io/meta_product_data_version_feed_sample/output/images/version_b/product_88_image_1.png?t=1759214780,https://alanho.github.io/meta_product_data_version_feed_sample/output/images/version_b/product_88_image_2.png?t=1759214780,https://alanho.github.io/meta_product_data_version_feed_sample/output/images/version_b/product_88_image_3.png?t=1759214780
product_89,Product 89 - Version B,UPDATED: Test product 89 in Version B for catalog testing with new features,109.15USD,https://alanho.github.io/meta_product_data_version_feed_sample/output/html/product_89_version_b.html,https://alanho.github.io/meta_product_data_version_feed_sample/output/images/version_b/product_89_image_1.png?t=1759214780,https://alanho.github.io/meta_product_data_version_feed_sample/output/images/version_b/product_89_image_2.png?t=1759214780,https://alanho.github.io/meta_product_data_version_feed_sample/output/images/version_b/product_89_image_3.png?t=1759214780
product_90,Product 90 - Version B,UPDATED: Test product 90 in Version B for catalog testing with new features,109.73USD,https://alanho.github.io/meta_product_data_version_feed_sample/output/html/product_90_version_b.html,https://alanho.github.io/meta_product_data_version_feed_sample/output/images/version_b/product_90_image_1.png?t=1759214780,https://alanho.github.io/meta_product_data_version_feed_sample/output/images/version_b/product_90_image_2.png?t=1759214780,https://alanho.github.io/meta_product_data_version_feed_sample/output/images/version_b/product_90_image_3.png?t=1759214780
product_91,Product 91 - Version B,UPDATED: Test product 91 in Version B for catalog testing with new features,110.30USD,https://alanho.github.io/meta_product_data_version_feed_sample/output/html/product_91_version_b.html,https://alanho.github.io/meta_product_data_version_feed_sample/output/images/version_b/product_91_image_1.png?t=1759214780,https://alanho.github.io/meta_product_data_version_feed_sample/output/images/version_b/product_91_image_2.png?t=1759214780,https://alanho.github.io/meta_product_data_version_feed_sample/output/images/version_b/product_91_image_3.png?t=1759214780
product_92,Product 92 - Version B,UPDATED: Test product 92 in Version B for catalog testing with new features,110.88USD,https://alanho.github.io/meta_product_data_version_feed_sample/output/html/product_92_version_b.html,https://alanho.github.io/meta_product_data_version_feed_sample/output/images/version_b/product_92_image_1.png?t=1759214780,https://alanho.github.io/meta_product_data_version_feed_sample/output/images/version_b/product_92_image_2.png?t=1759214780,https://alanho.github.io/meta_product_data_version_feed_sample/output/images/version_b/product_92_image_3.png?t=1759214780
product_93,Product 93 - Version B,UPDATED: Test product 93 in Version B for catalog testing with new features,111.46USD,https://alanho.github.io/meta_product_data_version_feed_sample/output/html/product_93_version_b.html,https://alanho.github.io/meta_product_data_version_feed_sample/output/images/version_b/product_93_image_1.png?t=1759214780,https://alanho.github.io/meta_product_data_version_feed_sample/output/images/version_b/product_93_image_2.png?t=1759214780,https://alanho.github.io/meta_product_data_version_feed_sample/output/images/version_b/product_93_image_3.png?t=1759214780
product_94,Product 94 - Version B,UPDATED: Test product 94 in Version B for catalog testing with new features,112.04USD,https://alanho.github.io/meta_product_data_version_feed_sample/output/html/product_94_version_b.html,https://alanho.github.io/meta_product_data_version_feed_sample/output/images/version_b/product_94_image_1.png?t=1759214780,https://alanho.github.io/meta_product_data_version_feed_sample/output/images/version_b/product_94_image_2.png?t=1759214780,https://alanho.github.io/meta_product_data_version_feed_sample/output/images/version_b/product_94_image_3.png?t=1759214780
product_95,Product 95 - Version B,UPDATED: Test product 95 in Version B for catalog testing with new features,112.61USD,https://alanho.github.io/meta_product_data_version_feed_sample/output/html/product_95_version_b.html,https://alanho.github.io/meta_product_data_version_feed_sample/output/images/version_b/product_95_image_1.png?t=1759214780,https://alanho.github.io/meta_product_data_version_feed_sample/output/images/version_b/product_95_image_2.png?t=1759214780,https://alanho.github.io/meta_product_data_version_feed_sample/output/images/version_b/product_95_image_3.png?t=1759214780
product_96,Product 96 - Version B,UPDATED: Test product 96 in Version B for catalog testing with new features,113.19USD,https://alanho.github.io/meta_product_data_version_feed_sample/output/html/product_96_version_b.html,https://alanho.github.io/meta_product_data_version_feed_sample/output/images/version_b/product_96_image_1.png?t=1759214780,https://alanho.github.io/meta_product_data_version_feed_sample/output/images/version_b/product_96_image_2.png?t=1759214780,https://alanho.github.io/meta_product_data_version_feed_sample/output/images/version_b/product_96_image_3.png?t=1759214780
product_97,Product 97 - Version B,UPDATED: Test product 97 in Version B for catalog testing with new features,113.77USD,https://alanho.github.io/meta_product_data_version_feed_sample/output/html/product_97_version_b.html,https://alanho.github.io/meta_product_data_version_feed_sample/output/images/version_b/product_97_image_1.png?t=1759214780,https://alanho.github.io/meta_product_data_version_feed_sample/output/images/version_b/product_97_image_2.png?t=1759214780,https://alanho.github.io/meta_product_data_version_feed_sample/output/images/version_b/product_97_image_3.png?t=1759214780
product_98,Product 98 - Version B,UPDATED: Test product 98 in Version B for catalog testing with new features,114.35USD,https://alanho.github.io/meta_product_data_version_feed_sample/output/html/product_98_version_b.html,https://alanho.github.io/meta_product_data_version_feed_sample/output/images/version_b/product_98_image_1.png?t=1759214780,https://alanho.github.io/meta_product_data_version_feed_sample/output/images/version_b/product_98_image_2.png?t=1759214780,https://alanho.github.io/meta_product_data_version_feed_sample/output/images/version_b/product_98_image_3.png?t=1759214780
product_99,Product 99 - Version B,UPDATED: Test product 99 in Version B for catalog testing with new features,114.92USD,https://alanho.github.io/meta_product_data_version_feed_sample/output/html/product_99_version_b.html,https://alanho.github.io/meta_product_data_version_feed_sample/output/images/version_b/product_99_image_1.png?t=1759214780,https://alanho.github.io/meta_product_data_version_feed_sample/output/images/version_b/product_99_image_2.png?t=1759214780,https://alanho.github.io/meta_product_data_version_feed_sample/output/images/version_b/product_99_image_3.png?t=1759214780
product_100,Product 100 - Version B,UPDATED: Test product 100 in Version B for catalog testing with new features,115.50USD,https://alanho.github.io/meta_product_data_version_feed_sample/output/html/product_100_version_b.html,https://alanho.github.io/meta_product_data_version_feed_sample/output/images/version_b/product_100_image_1.png?t=1759214780,https://alanho.github.io/meta_product_data_version_feed_sample/output/images/version_b/product_100_image_2.png?t=1759214780,https://alanho.github.io/meta_product_data_version_feed_sample/output/images/version_b/product_100_image_3.png?t=1759214780
